Year_BR,IM_GDP_P_BR,IM_Growth_P_BR,IM_BoP_BR,IM_dll_BR,IM_Services_dll_BR,IM_Goods_dll_BR,EX_GDP_P_BR,EX_Growth_P_BR,EX_BoP_BR,EX_dll_BR,EX_Services_dll_BR,EX_Goods_dll_BR,GDP_Growth_P_BR,GDP_PPP_dll_BR,Country_BR,Year_MX,IM_GDP_P_MX,IM_Growth_P_MX,IM_BoP_MX,IM_dll_MX,IM_Services_dll_MX,IM_Goods_dll_MX,EX_GDP_P_MX,EX_Growth_P_MX,EX_BoP_MX,EX_dll_MX,EX_Services_dll_MX,EX_Goods_dll_MX,GDP_Growth_P_MX,GDP_PPP_dll_MX,Country_MX,Year_AR,IM_GDP_P_AR,IM_Growth_P_AR,IM_BoP_AR,IM_dll_AR,IM_Services_dll_AR,IM_Goods_dll_AR,EX_GDP_P_AR,EX_Growth_P_AR,EX_BoP_AR,EX_dll_AR,EX_Services_dll_AR,EX_Goods_dll_AR,GDP_Growth_P_AR,GDP_PPP_dll_AR,Country_AR,Year_CH,IM_GDP_P_CH,IM_Growth_P_CH,IM_BoP_CH,IM_dll_CH,IM_Services_dll_CH,IM_Goods_dll_CH,EX_GDP_P_CH,EX_Growth_P_CH,EX_BoP_CH,EX_dll_CH,EX_Services_dll_CH,EX_Goods_dll_CH,GDP_Growth_P_CH,GDP_PPP_dll_CH,Country_CH,Year_ID,IM_GDP_P_ID,IM_Growth_P_ID,IM_BoP_ID,IM_dll_ID,IM_Services_dll_ID,IM_Goods_dll_ID,EX_GDP_P_ID,EX_Growth_P_ID,EX_BoP_ID,EX_dll_ID,EX_Services_dll_ID,EX_Goods_dll_ID,GDP_Growth_P_ID,GDP_PPP_dll_ID,Country_ID,Year_JP,IM_GDP_P_JP,IM_Growth_P_JP,IM_BoP_JP,IM_dll_JP,IM_Services_dll_JP,IM_Goods_dll_JP,EX_GDP_P_JP,EX_Growth_P_JP,EX_BoP_JP,EX_dll_JP,EX_Services_dll_JP,EX_Goods_dll_JP,GDP_Growth_P_JP,GDP_PPP_dll_JP,Country_JP,Year_KR,IM_GDP_P_KR,IM_Growth_P_KR,IM_BoP_KR,IM_dll_KR,IM_Services_dll_KR,IM_Goods_dll_KR,EX_GDP_P_KR,EX_Growth_P_KR,EX_BoP_KR,EX_dll_KR,EX_Services_dll_KR,EX_Goods_dll_KR,GDP_Growth_P_KR,GDP_PPP_dll_KR,Country_KR,Year_IN,IM_GDP_P_IN,IM_Growth_P_IN,IM_BoP_IN,IM_dll_IN,IM_Services_dll_IN,IM_Goods_dll_IN,EX_GDP_P_IN,EX_Growth_P_IN,EX_BoP_IN,EX_dll_IN,EX_Services_dll_IN,EX_Goods_dll_IN,GDP_Growth_P_IN,GDP_PPP_dll_IN,Country_IN
1980,11.3058,0.6767,27826000000.0,26571483279.6605,4871000000.0,22955000000.0,9.0527,22.6143,21869000000.0,21276141967.6084,1737000000.0,20132000000.0,9.111,0.0,BR,1980,12.292,37.1845,25854000000.0,25215695652.1739,6514000000.0,19340000000.0,10.1426,22.202,20875000000.0,20806478260.8696,5364000000.0,15511000000.0,9.2333,0.0,MX,1980,6.4837,46.3562,13182000000.0,4989980079.952,3788000000.0,9394000000.0,5.062,-5.1429,9897000000.0,3895791554.5635,1876000000.0,8021000000.0,1.5188,0.0,AG,1980,26.4487,18.8865,7052000000.0,7679845876.3395,1583000000.0,5469000000.0,21.6713,14.3198,5968000000.0,6292627054.0168,1263000000.0,4705000000.0,7.9866,0.0,CH,1980,22.1799,15.1185,0.0,16076492698.4434,0.0,0.0,30.4742,-5.6367,0.0,22088390908.4785,0.0,0.0,9.8801,0.0,ID,1980,14.1007,-7.761,0.0,155866963510.758,0.0,0.0,13.1271,16.9826,0.0,145104895104.895,0.0,0.0,2.8176,0.0,JP,1980,37.0917,-3.3359,25318600000.0,24257445302.3394,3739900000.0,21578700000.0,28.4392,8.5152,20041500000.0,18598850896.3996,5026200000.0,15015300000.0,-1.6457,0.0,KR,1980,9.245,14.3542,16927945724.1528,17225826069.329,2981250139.5739,13946695584.5789,6.1396,5.2373,11274397263.3685,11439539833.7726,2971257228.1798,8303140035.1887,6.7358,0.0,IN
1981,9.7994,-12.3571,27229000000.0,25827534749.1203,5138000000.0,22091000000.0,9.4204,21.3203,25541000000.0,24828388398.9376,2265000000.0,23276000000.0,-4.3934,0.0,BR,1981,12.2557,17.7214,33444000000.0,32350081632.6531,8489000000.0,24955000000.0,9.8616,11.3677,26061000000.0,26030530612.2449,5960000000.0,20101000000.0,8.5256,0.0,MX,1981,7.3719,-8.2389,11865000000.0,5800000170.8134,3434000000.0,8431000000.0,6.921,5.2039,10859000000.0,5445263189.7662,1716000000.0,9143000000.0,-5.1898,0.0,AG,1981,26.2165,15.8232,8293000000.0,9047297176.6123,1780000000.0,6513000000.0,15.5429,-8.9107,5008000000.0,5363825291.2401,1172000000.0,3836000000.0,6.5254,0.0,CH,1981,25.5469,27.06,21540000000.0,21847220125.757,4998000000.0,16542000000.0,27.6304,-2.3905,23797000000.0,23629067635.2529,449000000.0,23348000000.0,7.9272,0.0,ID,1981,13.5078,2.4242,0.0,164658527096.281,0.0,0.0,14.121,13.4089,0.0,172133957389.231,0.0,0.0,4.2093,0.0,JP,1981,37.1914,4.6726,28326100000.0,27124943100.8913,4110000000.0,24216100000.0,29.9399,13.8633,24161800000.0,21836189301.4992,6147300000.0,18014500000.0,7.2462,0.0,KR,1981,8.5712,10.0294,17397435384.721,16584540954.5994,3248934601.1218,14148500783.5992,5.936,-0.8169,11234710725.9819,11485654131.2966,2797358479.0327,8437352246.9492,6.0062,0.0,IN
1982,8.2745,-6.031,24792000000.0,23307743170.8143,5397000000.0,19395000000.0,7.6097,-9.1911,21982000000.0,21435129573.2899,1809000000.0,20173000000.0,0.5802,0.0,BR,1982,9.7071,-37.852,21101000000.0,17920283687.9433,6066000000.0,15035000000.0,14.4269,22.5584,26218000000.0,26633315602.8369,4988000000.0,21230000000.0,-0.5208,0.0,MX,1982,6.521,-42.58,6877000000.0,5497685333.135,2018000000.0,4859000000.0,9.0905,3.9466,9197000000.0,7663966255.6299,1574000000.0,7623000000.0,-0.7357,0.0,AG,1982,21.2521,-35.0838,5053000000.0,5382281400.6776,1410000000.0,3643000000.0,18.6131,4.6975,4642000000.0,4713939511.2892,936000000.0,3706000000.0,-11.0143,0.0,CH,1982,26.2972,8.2068,22716000000.0,23709141551.7909,4862000000.0,17854000000.0,22.379,-13.9376,20251000000.0,20176590282.7474,504000000.0,19747000000.0,2.2464,0.0,ID,1982,13.3725,-0.5752,0.0,151713508328.961,0.0,0.0,13.9207,1.4873,0.0,157932877703.936,0.0,0.0,3.3125,0.0,JP,1982,32.8611,1.5136,27041100000.0,25749575969.7981,3990000000.0,23051100000.0,27.3678,2.0481,23862000000.0,21445122284.8389,7174700000.0,16687300000.0,8.3381,0.0,KR,1982,8.1426,3.4542,17517737340.5087,16343487427.6871,3471435845.6014,14046301494.9073,5.9833,6.0205,12159028818.9729,12009388988.7104,2932696123.2026,9226332695.7703,3.4757,0.0,IN
1983,9.0083,-17.4328,19560000000.0,18314364418.7078,4131000000.0,15429000000.0,11.4218,14.3321,23622000000.0,23221079048.8769,1724000000.0,21898000000.0,-3.4098,0.0,BR,1983,8.9811,-33.7909,13502000000.0,14024762697.7519,4477000000.0,9025000000.0,18.115,14.2228,27217000000.0,28288293089.0924,4905000000.0,22312000000.0,-3.4864,0.0,MX,1983,5.8361,-6.9237,6343000000.0,6068376037.1801,2224000000.0,4119000000.0,9.1515,2.5826,9290000000.0,9515669466.7519,1455000000.0,7835000000.0,4.3491,0.0,AG,1983,21.3971,-18.3765,4081000000.0,4355576959.591,1236000000.0,2845000000.0,23.423,0.0294,4628000000.0,4767971202.8282,797000000.0,3831000000.0,-5.0174,0.0,CH,1983,28.8138,12.3308,22037000000.0,23354265855.6749,4311000000.0,17726000000.0,27.7454,6.2799,19235000000.0,22488286937.0563,546000000.0,18689000000.0,4.193,0.0,ID,1983,11.7628,-3.2298,0.0,146249637386.285,0.0,0.0,13.2973,4.9677,0.0,165328697491.534,0.0,0.0,3.523,0.0,JP,1983,30.0265,6.8843,27374300000.0,26351401869.1589,3991500000.0,23382800000.0,27.8857,16.4594,25863400000.0,24472574927.4895,6862200000.0,19001200000.0,13.3762,0.0,KR,1983,7.853,21.9842,17572596377.4069,17140058765.9158,3705025624.464,13867570752.9429,5.8376,-0.9149,13059989650.5483,12741342694.5045,3290114665.8443,9769874984.704,7.2889,0.0,IN
1984,7.9244,-2.9412,17612000000.0,16563864377.3291,3696000000.0,13916000000.0,13.5476,21.9546,28949000000.0,28317692072.5525,1947000000.0,27002000000.0,5.2691,0.0,BR,1984,9.1053,17.8072,17402000000.0,16777514898.6889,5235000000.0,12167000000.0,16.5671,5.7534,30192000000.0,30526865315.8522,5996000000.0,24196000000.0,3.4108,0.0,MX,1984,4.7565,4.7051,6407000000.0,3762000095.0361,2289000000.0,4118000000.0,7.5899,-2.5915,9611000000.0,6003000151.6485,1511000000.0,8100000000.0,1.5707,0.0,AG,1984,24.4608,12.8915,4495000000.0,4799834957.7967,1207000000.0,3288000000.0,22.801,2.2623,4314000000.0,4474125374.8645,664000000.0,3650000000.0,4.1037,0.0,CH,1984,22.7956,-7.5141,19286000000.0,19342945136.534,4239000000.0,15047000000.0,27.315,6.5395,21324000000.0,23177770004.1644,570000000.0,20754000000.0,6.9755,0.0,ID,1984,11.9474,10.6151,0.0,157511814670.189,0.0,0.0,14.3932,15.3533,0.0,189757601911.398,0.0,0.0,4.502,0.0,JP,1984,28.4638,4.3202,28669100000.0,27755155214.7696,4037500000.0,24631600000.0,28.904,12.6203,29298300000.0,28184322191.6177,6952200000.0,22346100000.0,10.5516,0.0,KR,1984,7.726,-14.3301,17857801537.7852,16391291180.1326,3641498270.9271,14216303266.8581,6.2834,7.2979,13423608500.9944,13330753440.7915,3232033318.4412,10191575182.5532,3.8207,0.0,IN
1985,7.0953,0.0,16958000000.0,15818492271.929,3790000000.0,13168000000.0,12.248,7.0267,27720000000.0,27305943051.3526,2086000000.0,25634000000.0,7.9459,0.0,BR,1985,9.765,10.9835,20058000000.0,19063168548.0732,5524000000.0,14534000000.0,14.5663,-4.4613,27741000000.0,28436329311.016,6077000000.0,21664000000.0,2.1877,0.0,MX,1985,6.2733,-13.0379,5705000000.0,5546666806.7873,2187000000.0,3518000000.0,11.7361,15.554,10047000000.0,10376666928.8033,1651000000.0,8396000000.0,-5.189,0.0,AG,1985,24.3328,-9.7806,4000900000.0,4307602967.6566,1080500000.0,2920400000.0,26.2511,12.3207,4496620000.0,4647193725.6303,692520000.0,3804100000.0,4.0099,0.0,CH,1985,20.9407,5.2773,17840000000.0,17860217890.5372,5135000000.0,12705000000.0,23.7777,-7.8042,19371000000.0,20279854572.5697,844000000.0,18527000000.0,2.4621,0.0,ID,1985,10.7028,-2.5781,0.0,149721341618.323,0.0,0.0,13.8932,5.2824,0.0,194350282012.176,0.0,0.0,5.2334,0.0,JP,1985,25.7854,-2.0418,26643600000.0,26119629433.8061,3618500000.0,23025100000.0,26.8716,1.2944,26719800000.0,27219948966.6904,5948300000.0,20771500000.0,7.8389,0.0,KR,1985,7.6455,13.8709,18984136045.6211,17776651903.182,3902932257.5147,15081203788.1064,5.2546,-6.3149,12849204785.9406,12217464494.0919,3384170907.6067,9465033878.334,5.2543,0.0,IN
1986,6.3546,28.6798,18433000000.0,17038985216.6532,4389000000.0,14044000000.0,8.8166,-10.5806,24164000000.0,23640556197.1808,1816000000.0,22348000000.0,7.9883,0.0,BR,1986,12.924,-7.5824,17627000000.0,17389311866.6231,5194000000.0,12433000000.0,16.6822,4.4906,22043000000.0,22445889179.4704,5885000000.0,16158000000.0,-3.079,0.0,MX,1986,6.3241,17.8674,6906000000.0,7015555449.2007,2500000000.0,4406000000.0,8.162,-10.2703,8449000000.0,9054444307.1803,1597000000.0,6852000000.0,6.1534,0.0,AG,1986,24.7335,7.9138,4604500000.0,4672424639.9967,1505400000.0,3099100000.0,27.3202,10.0938,5232260000.0,5161066966.6796,1041060000.0,4191200000.0,5.3777,0.0,CH,1986,20.5139,4.1682,16194000000.0,16401727045.0983,4256000000.0,11938000000.0,20.4956,15.2123,15240000000.0,16387068862.1352,844000000.0,14396000000.0,5.875,0.0,ID,1986,7.2388,4.2637,0.0,150490328139.483,0.0,0.0,10.9123,-4.9859,0.0,226862362760.934,0.0,0.0,3.3265,0.0,JP,1986,28.1393,33.2021,33121900000.0,32877077542.6853,4094100000.0,29027800000.0,31.9677,35.0253,37559800000.0,37350048216.0077,6399800000.0,31160000000.0,11.3273,0.0,KR,1986,7.0231,17.084,19631790603.5359,17486411449.5757,3945325642.706,15686464960.8299,5.1962,5.4324,13476274302.0899,12937864153.5995,3228227514.1405,10248046787.9495,4.7766,0.0,IN
1987,6.1927,-2.9438,19368000000.0,18211636976.1514,4316000000.0,15052000000.0,9.4599,19.2353,28162000000.0,27820190044.6057,1952000000.0,26210000000.0,3.5996,0.0,BR,1987,12.7258,5.1407,18616000000.0,18775671165.2881,5310000000.0,13306000000.0,18.5366,9.4903,27529000000.0,27348987810.1872,7034000000.0,20495000000.0,1.7224,0.0,MX,1987,7.5758,11.4852,7909000000.0,8417142923.9616,2566000000.0,5343000000.0,7.8732,-3.482,8154000000.0,8747619117.0613,1794000000.0,6360000000.0,2.7049,0.0,AG,1987,25.8491,18.6098,5493100000.0,5752821225.9121,1498800000.0,3994300000.0,28.3439,6.7403,6348000000.0,6308060062.7716,1045000000.0,5303000000.0,6.4605,0.0,CH,1987,22.3974,1.9763,16972000000.0,17006296447.4817,4440000000.0,12532000000.0,24.5768,14.6236,18271000000.0,18661070326.1201,1065000000.0,17206000000.0,4.9259,0.0,ID,1987,7.169,9.3737,0.0,181576008987.987,0.0,0.0,9.9374,0.101,0.0,251695445510.328,0.0,0.0,4.7307,0.0,JP,1987,28.1849,18.0936,42522600000.0,41699065125.1565,4792200000.0,37730400000.0,34.8153,24.4359,52267900000.0,51508564620.6402,8559600000.0,43708300000.0,12.7237,0.0,KR,1987,6.9802,-1.6682,22290070406.5336,19477194741.1034,4629176088.4992,17660894318.0344,5.6046,12.7273,15247435579.9095,15638662913.9839,3363400778.8603,11884034801.0492,3.9654,0.0,IN
1988,5.6925,-1.1265,19907000000.0,18807996682.1739,5302000000.0,14605000000.0,10.8882,13.079,36052000000.0,35974382968.3631,2279000000.0,33773000000.0,-0.1027,0.0,BR,1988,18.6943,36.719,26554000000.0,33950973120.4083,6281000000.0,20273000000.0,20.0961,5.763,28968000000.0,36496759051.5156,8421000000.0,20547000000.0,1.2833,0.0,MX,1988,6.2118,-9.208,7594000000.0,7839772666.0409,2702000000.0,4892000000.0,9.5316,18.7196,11149000000.0,12029545360.5898,2015000000.0,9134000000.0,-1.0899,0.0,AG,1988,25.9811,12.7933,6624700000.0,6765529485.8378,1780400000.0,4844300000.0,32.4735,11.5557,8144000000.0,8456167150.4174,1089900000.0,7054100000.0,7.3451,0.0,CH,1988,22.2129,-18.6945,18437000000.0,18725515165.41,4606000000.0,13831000000.0,25.0417,1.0515,20878000000.0,21110162562.0037,1369000000.0,19509000000.0,5.7805,0.0,ID,1988,7.6109,18.9992,0.0,233782306438.385,0.0,0.0,9.5745,6.8016,0.0,294098322534.933,0.0,0.0,6.785,0.0,JP,1988,26.2144,13.223,53117300000.0,52321489603.1279,6179700000.0,46937600000.0,32.4893,10.6754,65692600000.0,64845584918.0417,9339600000.0,56353000000.0,11.9877,0.0,KR,1988,7.4552,9.1945,25412608224.0404,22111392789.7933,5321401025.6651,20091207198.3753,6.0352,7.4731,17301077321.6336,17899797605.808,3791282738.484,13509794583.1496,9.6278,0.0,IN
1989,5.4613,8.9395,24180000000.0,23242900390.625,5917000000.0,18263000000.0,8.9296,5.0855,37507000000.0,38004000000.0,3132000000.0,34375000000.0,3.2795,0.0,BR,1989,19.1975,21.2573,33318000000.0,42503284582.5716,7880000000.0,25438000000.0,19.1322,2.2695,33051000000.0,42358817387.7717,10209000000.0,22842000000.0,4.1055,0.0,MX,1989,6.5794,-16.5167,6657000000.0,5042239480.9594,2793000000.0,3864000000.0,13.0584,7.4303,11766000000.0,10007559520.4417,2193000000.0,9573000000.0,-7.1569,0.0,AG,1989,29.2729,25.0384,8590110000.0,8748407009.5839,1994910000.0,6595200000.0,33.7,16.111,9612650000.0,10071482715.094,1534250000.0,8078400000.0,9.9234,0.0,CH,1989,22.9943,13.4432,21749000000.0,21718472101.1905,5439000000.0,16310000000.0,26.0876,10.4465,24849000000.0,24640067882.5837,1875000000.0,22974000000.0,7.4566,0.0,ID,1989,8.7604,17.8009,0.0,267623386902.708,0.0,0.0,10.1118,9.5817,0.0,308906500517.525,0.0,0.0,4.858,0.0,JP,1989,25.5551,15.8175,63985500000.0,63102493074.7922,8534400000.0,55451100000.0,27.3586,-3.6662,67709600000.0,67555773985.0475,9848100000.0,57861500000.0,7.0729,0.0,KR,1989,8.152,2.0844,28127927456.0753,24133378144.8051,5873652595.4824,22254274860.5929,7.0161,11.9791,20283679802.9595,20770717303.6297,4139799056.965,16143880745.9945,5.9473,0.0,IN
1990,6.9618,10.0664,28184000000.0,32160000000.0,7523000000.0,20661000000.0,8.2,-4.9219,35170000000.0,37880000000.0,3762000000.0,31408000000.0,-3.1024,6701.209,BR,1990,19.8152,19.7448,41594000000.0,51767986204.9349,10323000000.0,31271000000.0,18.7045,3.6449,38484000000.0,48866100760.8618,11646000000.0,26838000000.0,5.1758,8081.8361,MX,1990,4.6313,-1.8999,6846000000.0,6546483925.6993,3120000000.0,3726000000.0,10.3595,18.0116,14800000000.0,14643450361.4013,2446000000.0,12354000000.0,-2.4672,7195.6914,AG,1990,29.2511,5.8088,9165510000.0,9686180975.7238,2076310000.0,7089200000.0,32.4946,8.6172,10220800000.0,10760217714.584,1848100000.0,8372700000.0,3.3336,4511.17,CH,1990,25.5861,23.1129,27511000000.0,27157275252.8765,6056000000.0,21455000000.0,27.3058,0.451,29295000000.0,28982531189.7617,2488000000.0,26807000000.0,7.2421,3082.0823,ID,1990,9.443,8.1646,0.0,295831621112.972,0.0,0.0,10.2198,7.4249,0.0,320166445085.208,0.0,0.0,4.8927,19561.2016,JP,1990,25.756,13.4344,73841900000.0,72984062394.0319,10291200000.0,63550700000.0,24.9943,5.0876,70653500000.0,70825844919.1816,10792200000.0,59861300000.0,9.8776,8392.411,KR,1990,8.4529,3.3658,29526607272.4647,27132072318.021,6089548067.0528,23437059205.4119,7.0534,11.1044,22911050152.3697,22639774911.5525,4624863458.1766,18286186694.1932,5.5335,1201.6685,IN
1991,7.9139,18.6778,28251000000.0,47710000000.0,7210000000.0,21041000000.0,8.677,10.6327,34938000000.0,52310000000.0,3319000000.0,31619000000.0,1.5119,6909.9217,BR,1991,19.3531,16.7784,49143000000.0,60602974423.5357,10959000000.0,38184000000.0,16.4334,4.5847,39774000000.0,51459972501.9878,12919000000.0,26855000000.0,4.2148,8559.9001,MX,1991,6.078,80.0557,11566000000.0,11531201153.6445,4007000000.0,7559000000.0,7.675,-3.6241,14386000000.0,14561091033.0362,2408000000.0,11978000000.0,9.1331,8005.4656,AG,1991,26.7933,6.9524,9549500000.0,10137181116.2018,2093100000.0,7456400000.0,31.301,12.4334,11068200000.0,11842675065.5747,2126700000.0,8941500000.0,7.8044,4952.5385,CH,1991,26.4883,16.8275,31398000000.0,30891188671.1508,6564000000.0,24834000000.0,28.3513,19.8803,32457000000.0,33063806609.367,2822000000.0,29635000000.0,6.912,3347.8905,ID,1991,8.2879,-1.1355,0.0,297072083274.254,0.0,0.0,9.7861,5.4282,0.0,350773940717.128,0.0,0.0,3.4175,20849.0176,JP,1991,26.0485,19.9841,86764700000.0,86128997068.2485,12210500000.0,74554200000.0,23.7766,12.2216,78598000000.0,78616895070.5666,11197200000.0,67400800000.0,10.7781,9486.8217,KR,1991,8.4935,0.0152,27031902767.4675,22941358805.152,5945075745.0026,21086827022.4649,8.4942,9.6623,23020341172.3229,22943398073.2995,4925463516.7967,18094877655.5263,1.0568,1230.087,IN
1992,8.3851,4.5233,27984000000.0,33590625000.0,7430000000.0,20554000000.0,10.8682,16.5473,39881000000.0,43538125000.0,4088000000.0,35793000000.0,-0.4669,6915.3127,BR,1992,20.2968,20.8612,60152000000.0,73709195127.4678,11959000000.0,48193000000.0,15.2567,1.6838,41534000000.0,55406026689.0691,14018000000.0,27516000000.0,3.5411,8936.0479,MX,1992,8.1328,65.684,19319500000.0,18606904906.1175,5524700000.0,13794800000.0,6.5982,-1.0297,15366200000.0,15095901877.6499,2968800000.0,12397400000.0,7.9373,8719.1017,AG,1992,27.2923,21.8078,11821400000.0,12544703151.5803,2536000000.0,9285400000.0,28.9618,13.9268,12367400000.0,13312092909.9785,2360000000.0,10007400000.0,11.1667,5622.7774,CH,1992,27.12,6.565,34874000000.0,34720875699.535,8100000000.0,26774000000.0,30.3075,14.6644,37187000000.0,38801726176.401,3391000000.0,33796000000.0,6.4975,3585.5278,ID,1992,7.6377,-0.6862,0.0,298544112851.585,0.0,0.0,9.6921,4.6025,0.0,378844907237.431,0.0,0.0,0.8481,21451.6742,JP,1992,24.687,4.817,88533700000.0,87768654326.5228,13604300000.0,74929400000.0,24.0724,12.1243,85261300000.0,85583424069.6855,11772300000.0,73489000000.0,6.1986,10201.2634,KR,1992,9.5902,21.1281,29665639165.5541,27639684528.9706,6735101347.1152,22930537818.4389,8.8429,4.8932,24953469070.621,25486060890.6036,4934088263.3095,20019380807.3115,5.4824,1300.7751,IN
1993,9.096,26.7837,34856000000.0,39822360248.4472,9555000000.0,25301000000.0,10.5033,11.6803,43595000000.0,45983167701.8634,3971000000.0,39624000000.0,4.6652,7287.0754,BR,1993,15.5466,-1.25,60970000000.0,77847500962.8964,12046000000.0,48924000000.0,12.2813,3.7373,44960000000.0,61496886634.9981,14929000000.0,30031000000.0,1.9412,8555.6406,MX,1993,9.3138,14.8066,21975400000.0,22049649649.6496,6342900000.0,15632500000.0,6.9094,3.9832,16286160000.0,16357317317.3173,3023560000.0,13262600000.0,8.207,9532.8887,AG,1993,27.7284,14.1814,12929100000.0,13669475781.4781,2740600000.0,10188500000.0,25.8807,3.5342,11713400000.0,12758599161.7389,2514700000.0,9198700000.0,6.5888,6119.3802,CH,1993,23.7686,4.4377,38222000000.0,37555937063.1049,9846000000.0,28376000000.0,26.7548,6.6087,40566000000.0,42274397859.4989,3959000000.0,36607000000.0,6.4964,3845.2023,ID,1993,6.936,-1.2006,0.0,308940464649.48,0.0,0.0,9.0779,0.8204,0.0,404340733359.833,0.0,0.0,-0.5179,21792.3356,JP,1993,23.2462,6.7436,93204800000.0,91279978073.1808,15097900000.0,78106900000.0,23.6725,10.0619,94868500000.0,92953766803.294,14078900000.0,80789600000.0,6.8775,11054.2619,KR,1993,9.8173,19.2673,30604948801.5936,27419390836.078,6496558658.3013,24108390143.2923,9.8342,13.7796,27122896193.4142,27466578243.4169,5107023139.3063,22015873054.1079,4.7508,1367.6367,IN
1994,9.6679,20.3435,43495000000.0,53957453464.727,10254000000.0,33241000000.0,9.6651,4.0083,49010000000.0,53941811356.1708,4908000000.0,44102000000.0,5.3346,7712.6717,BR,1994,17.3271,17.7446,71922410000.0,91454798672.6319,13042610000.0,58879800000.0,13.3829,8.7952,50737270000.0,70636498177.8318,16124310000.0,34612960000.0,4.9411,9014.3819,MX,1994,10.6044,21.131,27273600000.0,27299960000.0,7111400000.0,20162200000.0,7.5299,15.2956,19355700000.0,19385100000.0,3329000000.0,16026700000.0,5.8362,10175.1251,AG,1994,25.7518,10.119,13863000000.0,14680688842.4009,2990900000.0,10872100000.0,27.4632,11.6276,14444000000.0,15656361048.5982,2839900000.0,11604100000.0,5.0302,6568.7808,CH,1994,25.3657,20.2952,43738000000.0,44869883142.4274,11416000000.0,32322000000.0,26.5114,9.9412,45020000000.0,46896633113.5023,4797000000.0,40223000000.0,7.54,4156.6478,ID,1994,7.1008,8.2723,0.0,348440138619.557,0.0,0.0,9.0037,4.4449,0.0,441812660090.521,0.0,0.0,0.9931,22402.2663,JP,1994,24.5951,23.9361,114451700000.0,114027381915.489,18610800000.0,95840900000.0,24.0708,18.0977,110018600000.0,111596614599.539,18038500000.0,91980100000.0,9.2687,12219.7128,KR,1994,10.1901,22.6016,37872390417.4142,33349576561.3405,8199772592.9991,29672617824.4152,9.8881,13.0437,31560671994.8993,32361287610.239,6038145747.0606,25522526247.8387,6.6589,1461.1834,IN
1995,9.4556,30.6869,63293000000.0,72742324397.9514,13630000000.0,49663000000.0,7.5289,-2.0329,52641000000.0,57920041189.9313,6135000000.0,46506000000.0,4.4167,8090.89,BR,1995,22.1718,-15.9422,55989580000.0,79834960276.6614,9715380000.0,46274200000.0,24.1492,20.198,63142290000.0,86954944698.8815,14704000000.0,48438290000.0,-6.2912,8482.6131,MX,1995,10.091,-9.8066,26035117000.0,26038017000.0,7230800000.0,18804317000.0,9.6804,22.5281,24956432000.0,24978532000.0,3814600000.0,21141832000.0,-2.8452,9969.6006,AG,1995,26.3409,24.981,18301000000.0,19346618433.6013,3657000000.0,14644000000.0,28.6263,10.9836,19357900000.0,21025141438.6168,3332900000.0,16025000000.0,8.9333,7351.8289,CH,1995,27.6464,20.939,54461000000.0,55882279823.789,13540000000.0,40921000000.0,26.3122,7.7212,52923000000.0,53185312942.0389,5469000000.0,47454000000.0,8.22,4522.293,ID,1995,7.7077,12.921,0.0,420000722945.877,0.0,0.0,8.9718,4.2229,0.0,488883643987.429,0.0,0.0,2.7421,23409.6403,JP,1995,26.7398,22.0303,152401000000.0,151503105267.935,25819300000.0,126581700000.0,25.7243,22.9564,144002300000.0,145749348477.187,24424600000.0,119577700000.0,9.6146,13549.1198,KR,1995,12.0235,28.1259,48225107456.5025,43318430945.9629,10267794515.7864,37957312940.7161,10.844,31.3961,38013243235.1157,39068859788.0594,6774717629.2849,31238525605.8308,7.5745,1574.318,IN
1996,8.9054,5.5859,66018000000.0,75733720724.306,12717000000.0,53301000000.0,6.7302,-0.4213,52506000000.0,57235482141.0805,4760000000.0,47746000000.0,2.2075,8288.1789,BR,1996,24.4142,17.478,68934993000.0,100336342605.995,9970993000.0,58964000000.0,26.005,15.4479,75370878000.0,106874265073.558,16582678000.0,58788200000.0,6.7733,9076.0877,MX,1996,11.0779,17.5291,30212204066.2181,30148400000.0,7929004066.2181,22283200000.0,10.4286,7.6468,28424754642.4929,28381400000.0,4390154642.4929,24034600000.0,5.5267,10586.1106,AG,1996,28.1224,11.833,21287349100.0,21946625731.1956,3663534100.0,17623815000.0,26.6455,11.785,20214723966.8928,20794067519.5867,3588258163.3428,16626465803.55,6.8029,8011.5711,CH,1996,26.4402,6.8648,59379000000.0,60116979037.698,15139000000.0,44240000000.0,25.8246,7.56,56787000000.0,58717201041.7111,6599000000.0,50188000000.0,7.8182,4891.4393,ID,1996,9.0454,11.0286,442138914582.809,437230129684.838,129909193501.464,312229721081.345,9.4791,4.8091,463448286179.457,458190957638.002,68208714147.0747,395239572032.383,3.1,24515.1161,JP,1996,27.852,14.136,171375900000.0,169944434085.4,29602000000.0,141773900000.0,24.802,10.1899,149397600000.0,151334079184.536,24970200000.0,124427400000.0,7.8907,14724.2791,KR,1996,11.5443,-2.44,54959987567.5137,45357287723.0936,11171035176.142,43788952391.3717,10.3852,6.2897,40975672886.2795,40803024157.2021,7238385383.7532,33737287502.5263,7.5495,1691.8048,IN
1997,9.5926,14.5951,75139000000.0,84721451205.9369,15301000000.0,59838000000.0,6.9836,11.0193,59178000000.0,61679566883.1169,6187000000.0,52991000000.0,3.3948,8582.0677,BR,1997,24.4444,23.1131,85126414000.0,122323230283.513,11650614000.0,73475800000.0,24.3329,9.3852,84319218000.0,121765264254.594,19455818000.0,64863400000.0,6.8469,9712.0913,MX,1997,12.7753,26.8716,37511586708.7859,37413700000.0,8958086708.7859,28553500000.0,10.5609,12.1774,31003771471.3552,30928400000.0,4582871471.3552,26420900000.0,8.111,11507.8983,AG,1997,28.4762,13.2382,23325396406.5845,24191173540.1016,4103256406.5845,19222140000.0,26.4704,11.2404,21762015598.1874,22487271963.9408,3892137934.7974,17869877663.39,7.4279,8637.3306,CH,1997,28.1346,14.716,62830000000.0,60700151259.0363,16607000000.0,46223000000.0,27.8592,7.8,63239000000.0,60106038403.5787,6941000000.0,56298000000.0,4.6999,5134.5079,ID,1997,9.4919,0.348,426203390950.991,419041432041.583,124341545698.91,301861845252.08,10.5489,11.0523,473653405197.521,465703619032.506,69694113953.492,403959291244.03,1.076,25146.2004,JP,1997,29.1775,2.3624,168609500000.0,166240263221.52,29497800000.0,139111700000.0,28.3455,18.7138,160620300000.0,161499858087.439,28253600000.0,132366700000.0,6.1706,15744.7813,KR,1997,11.9287,13.2007,58172791087.9908,49607490116.6092,12442708483.9385,45730082604.0522,10.6907,-2.3282,44812659333.5248,44459245982.728,9110607257.4123,35702052076.1125,4.0498,1757.5147,IN
1998,9.4081,-0.0567,74415000000.0,81259829211.5467,16704000000.0,57711000000.0,7.0305,4.9082,58767000000.0,60724077380.4395,7646000000.0,51121000000.0,0.3381,8575.8735,BR,1998,26.4017,14.8043,138381038000.0,139005454028.021,12842726238.0,125538311762.0,24.5944,7.3957,129200335000.0,129490212237.303,11462636360.0,117737698640.0,5.1639,10173.1654,MX,1998,12.9344,8.4139,38797517536.8013,38667300000.0,9266617536.8014,29530900000.0,10.4156,10.6234,31255969562.6126,31137200000.0,4847269562.6126,26408700000.0,3.8502,11949.416,AG,1998,28.8,6.7979,22766893603.3347,23494325678.1594,4478473603.3347,18288420000.0,25.5211,5.2756,20274816280.1911,20819483696.5826,3952290069.8711,16322526210.32,4.3246,8995.7651,CH,1998,43.2181,-5.2901,44030357373.1649,41249712041.6119,12088211673.1649,31942145700.0,52.9681,11.1832,54849971800.0,50555726234.5501,4479000000.0,50370971800.0,-13.1267,4447.1744,ID,1998,8.7075,-6.7085,359326601912.898,351132459877.484,112765195866.576,246561406046.321,10.5245,-2.4484,432295204232.759,424400692714.504,62671382934.3482,369623821298.411,-1.1284,25074.0575,JP,1998,28.9608,-24.2188,112474500000.0,111015669596.986,24549300000.0,87925200000.0,39.5367,14.5646,154969600000.0,151556327777.143,27430600000.0,127539000000.0,-5.1294,14976.4219,KR,1998,12.681,20.8456,59367859754.3617,53431584653.2041,14539897341.0067,44827962413.355,11.0185,13.8843,45766843440.0458,46426482685.1663,11691135746.9016,34075707693.1442,6.1844,1852.8104,IN
1999,11.4173,-15.0941,62807000000.0,68433801840.5246,13798000000.0,49009000000.0,9.5649,5.7063,54563000000.0,57330907863.5587,6300000000.0,48263000000.0,0.4679,8611.9002,BR,1999,25.9853,11.5134,156446137000.0,155972441425.045,14294937766.0,142151199234.0,24.6327,5.4302,148095816000.0,147853263357.182,11535687160.0,136560128840.0,2.7536,10448.8234,MX,1999,11.5556,-11.2668,32903076780.5168,32762700000.0,8799876780.5168,24103200000.0,9.8272,-1.2603,27997318724.6817,27862300000.0,4709518724.6817,23287800000.0,-3.3855,11581.8905,AG,1999,26.5811,-9.7197,19341290986.2819,19982048574.2364,4659500986.2819,14681790000.0,28.7661,6.6714,21031264413.6656,21624592264.633,3869315979.9456,17161948433.72,-0.4121,8977.1175,CH,1999,27.4298,-40.6752,42974513498.0652,38402067922.3448,12376063498.0652,30598450000.0,35.5141,-31.805,55840471034.8021,49720260589.8075,4598583513.0521,51241887521.75,0.7911,4484.0692,ID,1999,8.3972,3.6055,390916935995.727,383086874532.513,116406370390.481,274510565605.246,9.9518,1.9473,460081514258.424,454007135658.275,61155948852.1915,398925565406.232,-0.252,25325.7073,JP,1999,27.1719,24.6355,137768700000.0,135183795696.573,27184500000.0,110584200000.0,32.5908,12.27,164257200000.0,162143469995.458,28226600000.0,136030600000.0,11.4669,16807.1295,KR,1999,13.3635,6.9925,62827495215.8222,61314619861.4489,17271286038.6787,45556209177.1434,11.4521,17.9995,51386266375.4722,52544410650.2485,14508990006.6233,36877276368.8489,8.8458,2009.2157,IN
2000,12.4517,10.7986,71576500702.0768,81611100027.3299,16265448702.0768,55311052000.0,10.188,12.8605,63716723040.9693,66774569991.801,8436715503.9693,55280007537.0,4.3879,9060.7864,BR,2000,27.026,20.2965,191817882000.0,191318627691.527,17056655990.0,174761226010.0,25.4067,11.5666,179876114959.0,179855862769.153,13480171279.0,166395943680.0,4.9425,11089.8134,MX,2000,11.6361,-0.1576,33068803786.7906,33070146000.0,9179703786.7906,23889100000.0,10.9864,2.7024,31236920314.834,31223690400.0,4899720314.834,26337200000.0,-0.789,11618.7961,AG,2000,28.7841,10.3352,21893098891.2191,22411585684.8134,4864288891.2191,17028810000.0,30.5317,5.2965,23293153568.7677,23772266321.3405,4083266402.7577,19209887166.01,5.3269,9553.5665,CH,2000,30.4596,25.934,56002463130.4348,50264686469.7912,15637083130.4348,40365380000.0,40.9773,26.4849,70621521117.0085,67621169165.827,5214141117.0085,65407380000.0,4.9201,4743.9447,ID,2000,9.1952,9.2667,454631939272.424,449415629306.225,118298890422.051,336333048850.373,10.6245,12.7405,523723140996.313,519273793561.019,69422383743.6102,454300757252.7029,2.7796,26838.6914,JP,2000,32.156,22.0927,187533200000.0,185275783405.249,33402100000.0,154131100000.0,33.9392,16.9855,202080000000.0,195550063662.729,32556400000.0,169523600000.0,9.0608,18551.2611,KR,2000,13.9037,4.5897,73075192253.4588,65124164122.0956,19187986329.7412,53887205923.7176,12.9972,18.1535,59931697987.5545,60878396865.5263,16685072487.9532,43246625499.6013,3.841,2095.647,IN
2001,14.5646,3.3314,71626048627.3636,81470191055.1824,16645245627.3637,54980803000.0,12.3717,9.2305,66517202823.9496,69203919564.6629,8317111823.9496,58200091000.0,1.3899,9260.766,BR,2001,24.4994,-0.841,185590189335.0,185388139002.173,16929175335.0,168661014000.0,22.6667,-0.5213,171480742850.0,171520507262.666,12445653030.0,159035089820.0,-0.4044,11129.869,MX,2001,10.2732,-13.9466,27594942433.1669,27603881800.0,8437142433.167,19157800000.0,11.579,2.741,31116753076.8311,31112418400.0,4588753076.8311,26528000000.0,-4.4088,11226.8773,AG,2001,30.7445,5.2802,21410882510.1621,21822419952.279,5054742510.1621,16356140000.0,32.3986,6.9422,22410169061.2974,22996523019.9704,4138778254.6574,18271390806.64,3.303,9972.6511,CH,2001,30.7611,4.1799,50548622608.6957,49355195402.1429,15880142608.6957,34668480000.0,39.0321,0.645,62865023700.0,62625875833.9076,5500453700.0,57364570000.0,3.6435,4956.3612,ID,2001,9.569,1.0291,417328597372.863,411807397252.835,111085585809.74,306243011563.123,10.2291,-6.7078,443809272414.1,440213809225.625,64715024449.0254,379094247965.074,0.4063,27472.5473,JP,2001,30.4361,-3.4622,170056000000.0,166685566890.526,33042900000.0,137013100000.0,31.7877,-1.7991,177196200000.0,174088180388.694,30776600000.0,146419600000.0,4.8524,19693.4432,KR,2001,13.4349,2.9442,71311160936.1966,65218394082.2249,20098890497.6649,51212270438.5317,12.5584,4.3095,62130222527.4738,60963525504.4702,17337028678.911,44793193848.5628,4.824,2206.4482,IN
2002,13.3878,-13.3073,60778949499.4464,68004834965.369,14075397499.4464,46703552000.0,14.2306,6.4768,68943055575.7244,72286060356.887,8593201575.7244,60349854000.0,3.0535,9568.0638,BR,2002,24.1454,1.2078,186721922450.81,186428365368.683,17809092101.8095,168912830349.0,22.5525,0.3961,173823699980.709,174129212924.606,12545829940.7087,161277870040.0,-0.0398,11187.4776,MX,2002,13.3701,-50.0596,13337220000.0,13065823829.1753,4864120000.0,8473100000.0,28.3826,3.093,29054500000.0,27736610298.2555,3420200000.0,25634300000.0,-10.8945,10052.4867,AG,2002,30.5898,1.8336,20881247720.4132,21332345471.8843,5138705998.5932,15742541721.82,32.8039,2.4074,22565348603.4456,22876417337.3588,4387210813.2696,18178137790.176,3.107,10333.0637,CH,2002,26.3918,-4.2495,52696753632.6136,51638437160.6839,17044883632.6136,35651870000.0,32.6876,-1.2169,65828023965.0,63956798804.501,6662903965.0,59165120000.0,4.4995,5190.365,ID,2002,9.6674,0.6871,405295238086.671,397824353207.643,111250965117.982,294044272968.69,11.0182,7.7647,456896277082.5129,453412607267.043,65943303664.1018,390952973418.41,0.118,28160.1076,JP,2002,28.5803,14.8912,183391800000.0,179268717678.185,36849400000.0,146542400000.0,29.7728,12.8127,191979100000.0,186748435364.362,31023100000.0,160956000000.0,7.7251,21396.8377,KR,2002,15.2443,11.9968,75741490127.6454,78498577658.6009,21039210377.5587,54702279750.0867,14.2644,21.085,70619282935.6584,73452725999.4092,19478164642.0501,51141118293.6083,3.804,2287.63,IN
2003,12.9596,-0.4835,62707203451.3367,72356034124.1469,14897717451.3368,47809486000.0,15.1808,11.0159,82570023303.5733,84757339584.0104,9577449216.5732,72992574087.0,1.1408,9733.7708,BR,2003,25.8452,2.5106,189075647987.0,188498786171.1,18297761984.0,170777886003.0,24.3604,1.9067,177422936925.0,177669541570.118,12436867265.0,164986069660.0,1.4464,11482.4496,MX,2003,14.7138,37.5654,18724510000.0,18772898618.6064,5590310000.0,13134200000.0,25.9309,5.9954,34336010000.0,33084505277.8061,4385610000.0,29950400000.0,8.837,11025.1855,AG,2003,30.6572,5.684,22858856965.5523,23190197866.0688,4990960803.8967,17867896161.6556,35.659,6.5588,26728130243.0111,26973735771.3335,5077223345.1645,21650906897.8466,4.091,10841.3238,CH,2003,23.1388,1.5637,56946585709.9852,54323622341.4892,17400415709.9852,39546170000.0,30.4777,5.8864,69402126374.14,71553141044.9888,5292886374.14,64109240000.0,4.7804,5465.2642,ID,2003,9.9438,3.3965,449223648193.642,442068944696.744,113472969147.762,335750679045.881,11.6393,9.5158,521711100815.415,517443189414.621,77833776411.9351,443877324403.479,1.5282,28924.682,JP,2003,29.7768,10.4793,213379400000.0,209246481650.876,40605600000.0,172773800000.0,31.3978,13.5795,230672300000.0,220638044326.583,35760500000.0,194911800000.0,3.1473,22074.0143,KR,2003,15.6445,13.8839,92959121913.9984,95071650073.4454,24877940963.3998,68081180950.5987,14.9479,9.5822,84795030552.851,90838365703.7158,23901712153.482,60893318399.369,7.8604,2472.1037,IN
2004,13.1325,10.364,78995242018.1936,87897949128.2051,16647139025.57,62348102992.6237,16.5458,14.4738,107984756804.627,110743537333.333,11744117551.6266,96240639253.0,5.76,10445.3445,BR,2004,30.0099,12.2111,217684234716.549,234749892610.314,20546819963.5493,197137414753.0,28.4144,16.8081,202000020494.111,222268871522.24,13705925060.1105,188294095434.0,3.9206,12085.7601,MX,2004,16.845,40.1218,27823640000.0,27736672323.6712,6512540000.0,21311100000.0,23.8476,8.1142,39757250000.0,39266996605.7973,5168450000.0,34588800000.0,9.0296,12214.7401,AG,2004,29.9313,19.3336,29191102180.5153,29694953337.3255,6326927264.2251,22864174916.2902,39.8024,14.3912,39052608176.4216,39488088029.3013,6027201172.4917,33025407003.93,7.2095,11812.635,CH,2004,27.5446,26.6533,67472159280.6336,70744690513.6428,20856309280.6336,46615850000.0,32.2167,13.5283,78813558769.0248,82744351781.0167,12729428769.0249,66084130000.0,5.0309,5816.1815,ID,2004,10.9503,8.1206,537110540360.613,527274407771.298,136866303941.159,400244236419.455,12.972,14.2739,631340914707.165,624622665052.268,97809484113.866,533531430593.299,2.2047,30348.0417,JP,2004,33.2614,12.0842,267215700000.0,263820940872.42,50335000000.0,216880700000.0,36.7543,21.0048,301338300000.0,291526211015.262,45284600000.0,256053700000.0,5.1974,23785.2872,KR,2004,19.6447,22.1952,130980013020.093,139310020965.107,35440956520.119,95539056499.9736,17.8591,27.1764,116019759652.382,126647719432.562,38097905006.7566,77921854645.6255,7.9229,2695.8937,IN
2005,11.843,7.4613,96610925191.4596,105595458223.792,23471147333.4596,73139777858.0,15.2438,9.6442,133005199276.194,135918581909.3,14975857163.1938,118029342113.0,3.2021,10988.9587,BR,2005,31.9813,8.6856,245099525081.0,280628576973.545,22804156494.0,222295368587.0,30.3778,7.8115,230368761650.0,266557906477.395,15735902250.0,214632859400.0,2.3078,12657.6372,MX,2005,17.3054,15.8482,34796990000.0,34392237786.5721,7496890000.0,27300100000.0,23.2459,12.8868,46892210000.0,46198180131.0044,6458060000.0,40434150000.0,8.8517,13568.7668,AG,2005,31.4569,18.465,38199183140.3053,38680972557.1778,7525610333.1325,30673572807.1728,40.1598,2.7843,48965742072.4972,49382442843.8593,6991749587.5972,41973992484.9,5.7428,12746.5834,CH,2005,29.9207,17.7689,86268317494.2578,85533800863.5511,22196827494.2578,64071490000.0,34.0673,16.6013,94679537822.5466,97387627234.8393,12997157822.5465,81682380000.0,5.6926,6254.6143,ID,2005,12.5031,6.1,603030821880.191,594571495451.749,139013002607.195,464017819272.996,14.0124,7.1691,672942493032.3771,666349114756.0021,101960552683.1,570981940349.276,1.6627,31663.4531,JP,2005,33.0417,7.7527,312291400000.0,308907471189.563,59521900000.0,252769500000.0,35.2831,7.8992,335799700000.0,329861919056.686,50537700000.0,285262000000.0,4.3085,25186.8676,KR,2005,22.3964,32.2696,181858367950.56,183736131690.217,47166360582.4006,134692007368.16,19.6052,26.0851,154582031679.649,160837835640.201,52178951919.4885,102403079760.161,7.9234,2953.1093,IN
2006,11.6674,17.7626,119498967176.935,129232641290.856,28149406188.9351,91349560988.0,14.3743,4.8374,156303207937.529,159215718705.466,18495034406.5288,137808173531.0,3.962,11642.4439,BR,2006,28.7676,0.0,280341433017.0,280595105053.582,23710156017.0,256631277000.0,27.3252,0.0,266331401847.0,266526112833.969,16012359221.0,250319042626.0,4.4951,13808.1776,MX,2006,17.4068,10.9919,41261872519.761,40480743015.8524,8673972519.7611,32587900000.0,23.0267,5.5612,54528515092.9204,53550250227.3909,7911015092.9204,46617500000.0,8.0472,14951.7282,AG,2006,29.3035,11.8094,44741515439.5359,45358377418.1321,8258522310.8853,36482993128.6506,43.7951,5.0874,67117042788.2984,67789580748.6682,7736883554.8664,59380159233.432,6.3172,15753.963,CH,2006,25.6224,8.5827,87614055150.2901,93411753739.2281,21560945150.2901,66053110000.0,31.0347,9.4055,107400056941.626,113143424880.155,9149086941.6261,98250970000.0,5.501,6708.5756,ID,2006,14.4589,4.7071,665519514454.974,655041775831.8411,141406977155.915,524112537299.058,15.8729,10.3143,728564958770.034,719102350573.047,109345586362.544,619219372407.49,1.42,33090.1963,JP,2006,35.0255,12.4719,374648600000.0,368894013922.426,70052200000.0,304596400000.0,35.6264,12.0451,386122900000.0,375223465252.325,57012000000.0,329110900000.0,5.2643,26877.9921,KR,2006,24.4565,21.5046,225086027161.736,229955027127.372,58514164307.3856,166571862854.351,21.2679,20.3938,193316062904.371,199973922363.783,69439848437.8817,123876214466.49,8.0607,3237.2948,IN
2007,11.9649,19.5576,157790361251.241,167160252067.177,37172915001.2415,120617446250.0,13.3277,6.1761,184603323407.868,186198863078.424,23954250577.8683,160649072830.0,6.0699,12549.928,BR,2007,29.268,4.8264,308068612808.0,308103605534.306,25464238680.0,282604374128.0,27.5272,1.9741,289829157833.0,289778188814.26,17536163285.0,272292994548.0,2.2914,14290.0672,MX,2007,18.2824,19.6403,53551718519.8869,52567536062.3157,11027218519.887,42524500000.0,22.6628,8.1645,66122298496.1757,65162321195.025,10045736496.1757,56076562000.0,9.0077,16570.0112,AG,2007,31.3384,13.7969,53930762623.8352,54405352884.0828,9452501030.9036,44478261592.9314,45.069,7.1907,77583639412.993,78242480554.8399,9022274929.2634,68561364483.7296,4.9053,16941.836,CH,2007,25.3935,9.0643,101353828118.851,109755093425.227,24578378118.8508,76775450000.0,29.4357,8.543,122265544100.14,127226102177.005,10964374107.6458,111301169992.494,6.345,7229.5381,ID,2007,15.6006,2.1845,718699651771.1221,704407087687.415,158677311785.161,560022339985.962,17.4933,8.6721,802202392189.72,789869515555.8009,121579391058.688,680623001131.03,1.6542,34501.5087,JP,2007,36.4823,11.3831,434819200000.0,427797123573.848,84452500000.0,350366700000.0,37.3922,12.6039,454215800000.0,438465966315.25,71413000000.0,382802800000.0,5.7995,29059.7657,KR,2007,24.8866,9.9516,278785752272.433,302803704356.854,70174852289.9934,208610899982.439,20.7997,5.8665,240082039833.715,253077318576.18,86552459544.1145,153529580289.601,7.6608,3525.3144,IN
2008,13.7236,17.0257,220247095195.331,232727652852.001,47140404693.3313,173106690502.0,13.534,0.4093,228392969446.029,229512905442.251,30450526537.0293,197942442909.0,5.0942,13312.7634,BR,2008,30.0755,3.2815,336004050035.0,333835150453.292,26502761551.0,309501288484.0,27.7015,-1.0174,309858836925.0,307483574130.48,17972536208.0,291886300717.0,1.1436,14924.8217,MX,2008,18.3418,13.5622,68242684098.4796,66316154417.0834,13646484098.4796,54596200000.0,22.0609,0.7399,81583621071.7764,79762958392.3012,11424149071.7763,70159472000.0,4.0572,17404.0687,AG,2008,39.3656,11.5355,70086728553.8391,70715782094.3573,11631279250.1515,58455449303.6875,41.4242,-0.6296,75124029616.6046,74413752040.6308,10613886831.4719,64510142785.1327,3.5295,16501.8069,CH,2008,28.7531,10.0026,136137392331.93,146706628549.322,28470106457.4182,107667285874.511,29.8083,9.5335,146055150859.016,152090401421.802,13845460473.6189,132209690385.397,6.0137,7710.6661,ID,2008,16.975,0.6968,872816874723.23,855184090480.3141,178976310623.88,693840564099.35,17.424,1.5579,890158053215.8721,877807071435.1371,141040143455.655,749117909760.216,-1.0935,34798.7659,JP,2008,47.8745,3.263,518519600000.0,501407971186.702,97356100000.0,421163500000.0,47.6419,7.6022,523955000000.0,498972049006.635,91045400000.0,432909600000.0,3.013,29946.0775,KR,2008,29.2709,22.4486,379479380179.347,350927085507.549,55562861740.1068,323916518439.24,24.0974,14.7781,305119336663.061,288902151603.701,106054239104.621,199065097558.44,3.0867,3650.9429,IN
2009,11.2546,-7.602,174697463800.0,187616483044.913,46974141400.0,127723322400.0,10.8514,-9.2471,180723090100.0,180894503551.065,27728347800.0,152994742300.0,-0.1258,13269.1186,BR,2009,28.8128,-15.949,260007417045.0,259328000666.001,25106827453.0,234900589592.0,27.155,-10.8549,245084582127.0,244407308913.309,15109542689.0,229975039438.0,-5.2857,14558.2448,MX,2009,14.4961,-18.4164,49682786813.2391,48268743529.5373,12536652813.239,37146134000.0,19.561,-9.3471,66335605323.6348,65133480388.4946,10544621323.6348,55790984000.0,-5.9185,16334.74,AG,2009,29.2964,-16.6153,50221169301.7424,50503967542.8748,10079310823.6091,40141858478.1332,37.0408,-4.2379,63904282434.2356,63854403849.5175,8441610952.939,55462671481.2967,-1.5642,16159.6052,CH,2009,21.353,-14.9775,104131018987.539,115216544854.096,23152014904.2923,80979004083.2465,24.1591,-9.6901,125322055265.413,130357798591.185,12055619119.5977,113266436145.816,4.6289,8021.7478,ID,2009,11.97,-15.6504,645807434517.809,626195761252.793,155753773466.825,490053661050.983,12.5209,-23.4268,669059383180.3771,655016933828.2211,120914193842.584,548145189337.7921,-5.4164,33198.6161,JP,2009,40.9483,-6.9076,397754500000.0,386527844126.146,81879000000.0,315875500000.0,45.1854,-0.4568,436472400000.0,426523458607.755,72541300000.0,363931100000.0,0.7927,29644.4342,KR,2009,25.8724,-1.9258,328257176213.271,347177602084.154,53030141319.9253,275227034893.346,20.4005,-4.8342,260847157421.868,273751836387.128,92889486181.6886,167957671240.179,7.8619,3912.4182,IN
2010,11.9066,33.639,243660936841.03,263001364256.48,60827829399.94,182833107441.09,10.8656,11.7217,231995637790.95,240006821282.401,30671530553.01,201324107237.94,7.5282,14299.5517,BR,2010,31.0627,17.0553,328707852420.0,328581153292.181,26905169699.0,301802682721.0,29.6977,22.3624,314349098491.0,314142282684.394,15489275311.0,298859823180.0,5.1181,15260.6206,MX,2010,16.0372,35.2044,68779495712.0305,67937933972.3653,14620732010.5205,54158763701.51,18.9338,13.8969,81123016360.6088,80208867995.7171,12817143360.6088,68305873000.0,10.1254,18061.9344,AG,2010,31.3186,25.6577,67820076191.149,68442909063.8457,12604050439.5942,55216025751.5549,37.7451,2.2605,81955505335.345,82487244655.3566,10846976459.5663,71108528875.7787,5.8442,18161.8039,CH,2010,22.4022,17.3443,145424174547.834,169158028224.496,26460993704.5681,118963180843.266,24.299,15.2663,166636323443.415,183480563627.391,16670487601.2121,149965835842.203,6.2239,8505.7485,ID,2010,13.5763,11.1729,791792570423.91,773859611898.513,164880203297.889,626912367126.021,15.0368,24.9106,869989651841.154,857109901329.889,134553284394.811,735436367446.3441,4.1917,34986.9945,JP,2010,44.2959,17.5098,512823900000.0,506774296512.035,96921500000.0,415902400000.0,47.1037,13.0278,546783400000.0,538898293429.153,82948700000.0,463834700000.0,6.8048,31740.4596,KR,2010,26.8543,15.8119,439059034248.05,449974320818.573,78912971413.9373,360146062834.113,22.4009,19.4781,348035371769.33,375353472834.938,117068311674.444,230967060094.886,8.4976,4236.7443,IN
2011,12.3519,9.3934,302029366543.06,323150406504.065,74148583665.49,227880782877.57,11.5825,4.811,292487960972.715,303021879483.501,36982138707.48,255505822265.235,3.9744,15040.0582,BR,2011,32.433,5.618,382622799589.0,382867847673.324,31413659456.0,351209140133.0,31.0367,7.7135,365827163734.0,366385100577.141,15823110281.0,350004053453.0,3.663,16520.2585,MX,2011,16.7569,22.0286,88418247225.6699,88839174034.695,17649469312.4599,70768777913.21,18.4492,4.1488,97616690275.3835,97810932629.3764,14496981275.3835,83119709000.0,6.004,19322.2271,AG,2011,34.4437,15.181,86030813929.6276,86884940756.2013,15365282654.059,70665531275.5687,37.762,5.4561,94349665630.582,95255289952.0849,12911821776.0057,81437843854.5763,6.1109,20342.5709,CH,2011,23.8527,15.0289,188975131090.372,212996886068.274,31691424917.0791,157283706173.293,26.3274,14.7699,212996855848.882,235095130017.567,21888154371.1066,191108701477.775,6.1698,9095.7336,ID,2011,15.468,5.8039,970204797771.2042,952436266381.442,175780159465.612,794424638305.591,14.925,-0.246,930660438539.9742,919000611151.979,140709392428.192,789951046111.783,-0.1154,35774.6967,JP,2011,52.2286,14.512,661814900000.0,654540621556.357,102616200000.0,559198700000.0,53.3377,15.4172,677772700000.0,668440747705.411,90559700000.0,587213000000.0,3.6857,32546.7537,KR,2011,31.0835,20.4117,553062186679.575,566667153574.074,77758139080.0178,475304047599.557,24.5404,15.493,446375404070.601,447383950836.263,138527915664.694,307847488405.908,5.2413,4493.6679,IN
2012,13.2367,1.1308,303848045030.47,326310480774.154,78984426905.79,224863618124.68,11.8776,0.7085,281099514398.14,292804259894.527,38816271714.91,242283242683.23,1.9212,15046.2899,BR,2012,33.5017,5.4166,402448584391.0,402385300656.821,31298000207.0,371150584184.0,32.2656,6.5245,387834595992.0,387538503663.769,16392769673.0,371441826319.0,3.6423,17162.9275,MX,2012,14.2887,-4.7283,83387067666.9896,78013690406.706,18344325453.5296,65042742213.46,16.2379,-4.1083,94330755729.5577,88655850853.7721,14247100729.5577,80083655000.0,-1.0264,19641.3529,AG,2012,34.15,5.1827,90266300085.6329,91222239391.7175,14811667061.9525,75454633023.6806,34.1219,0.3543,90332359682.6782,91147100657.3255,12269369465.853,78062990216.8251,5.3186,21507.7074,CH,2012,24.9885,7.9984,212891028322.357,229362101573.161,34224073080.5646,178666955241.792,24.5944,1.6087,211006612793.011,225744402474.106,23660062832.5736,187346549960.437,6.0301,9713.8732,ID,2012,16.0914,5.4096,1014812620120.79,998182045505.9642,184688619379.113,830124000741.675,14.5448,-0.0885,913614132577.114,902241999043.109,136973987462.158,776640145114.957,1.4951,37191.3859,JP,2012,51.3643,2.5676,663267300000.0,656655103709.746,108191800000.0,555075500000.0,54.0941,5.7934,706799100000.0,691553300804.602,103134300000.0,603664800000.0,2.4025,33557.1287,KR,2012,31.2593,6.0218,579908579784.452,571306638044.004,79919618509.4566,499988961274.995,24.5344,6.8055,443845180758.278,448400543291.471,145524596558.416,298320584199.861,5.4564,4861.1464,IN
2013,14.0437,6.6699,325571419168.28,347274708965.261,84382714980.34,241188704187.94,11.7422,1.8293,279587813724.59,290362691897.407,38010528550.49,241577285174.1,3.0048,15588.7262,BR,2013,32.4592,2.1183,413790281425.0,413674331349.828,32152067501.0,381638213924.0,31.3057,1.3705,398822705946.0,398972729094.895,18093732052.0,380728973894.0,1.3541,17373.897,MX,2013,14.7168,3.8829,90301801003.8742,81240190816.9153,19008807883.7141,71292993120.16,14.6172,-3.5202,89608120129.4452,80690471898.442,13679891768.3754,75928228361.0699,2.4053,20131.6804,AG,2013,32.774,1.9753,90296283254.9155,91237694284.4138,15541781459.369,74754501795.5464,32.1995,3.2667,88886685222.7328,89638293156.1453,12116748074.3862,76769937148.3466,4.045,22439.2784,CH,2013,24.7138,1.8619,211270240988.779,225519356299.674,35014246819.8444,176255994168.935,23.9236,4.167,205033131237.093,218308408827.835,22943904589.5418,182089226647.552,5.5573,10067.4222,ID,2013,18.2321,3.2736,955466642252.267,939996733656.13,170878437206.746,784588205045.521,15.9154,0.7612,830338357518.2859,820552895623.522,135398403064.117,694939954454.167,2.0003,38974.0795,JP,2013,46.66,1.6399,647787300000.0,639613504243.355,109653000000.0,538134300000.0,51.2921,3.8202,721717500000.0,703109248740.173,103324200000.0,618393300000.0,3.1647,34244.3121,KR,2013,28.4133,-8.1458,560408478123.575,527555481498.928,78722220355.347,481686257768.228,25.4309,7.7924,468273426431.433,472180427427.899,149163631866.117,319109794565.316,6.3861,5057.2176,IN
2014,13.6735,-2.2724,318799145127.77,335819379515.512,88072140088.13,230727005039.64,11.0119,-1.5685,264063098515.125,270452613684.658,39965341779.91,224097756735.215,0.504,15718.5656,BR,2014,33.071,5.9186,434921156335.0,434739905435.396,34474474398.0,400446681937.0,31.8925,6.9825,418833761864.0,419247898589.43,21182302176.0,397651459688.0,2.8043,18045.9845,MX,2014,14.0013,-11.48,80936630075.2277,73691675720.0984,18037663981.1276,62898966094.1,14.4055,-6.9792,81836807734.7264,75818867911.0825,13396371827.7264,68440435907.0,-2.5126,19683.7715,AG,2014,32.1618,-6.5175,83010183407.9858,83794977253.9037,14411333968.7587,68598849439.227,33.1107,0.3237,85745722947.3996,86267287016.2612,10681025117.7922,75064697829.6074,1.7667,22786.6556,CH,2014,24.4142,2.1197,201850847350.439,217485215697.145,33540622406.8088,168310224943.63,23.666,1.0746,198823722296.059,210820082760.734,23530927575.0821,175292794720.977,5.0067,10278.1399,ID,2014,20.0055,8.268,991578642132.1708,970347939715.727,192573384092.524,799005258039.646,17.5403,9.2904,862973565685.068,850777160708.391,163793003422.824,699180562262.244,0.3747,39179.1556,JP,2014,42.783,1.2632,642443900000.0,635036176085.567,115192400000.0,527251500000.0,47.8314,2.0956,725298800000.0,709970494628.1,111902300000.0,613396500000.0,3.2025,35324.4977,KR,2014,25.9542,0.8712,553552854081.3671,529239679343.382,81118589090.5259,472434264990.841,22.968,1.7776,485583046457.597,468346037554.217,157196138163.656,328386908293.941,7.4102,5233.8685,IN
2015,14.0535,-14.1908,243145561020.6,253273317502.78,70723366749.08,172422194271.52,12.9002,6.8188,223884769813.385,232489103970.663,33807894904.71,190076874908.675,-3.5458,14744.1129,BR,2015,36.603,5.9193,428255272061.0,428461575941.899,32680054725.0,395575217336.0,34.5633,8.4144,403879943672.0,404586122675.618,22903318967.0,380976624705.0,3.288,18284.8828,MX,2015,11.7806,4.7113,76622786928.8407,70064879911.7042,19028557043.2207,57594229885.62,10.7057,-2.7774,70022565842.9763,63671789068.8987,13213512349.9764,56809053493.0,2.7312,20105.199,AG,2015,29.5959,-1.0993,71703845980.3109,72190113685.0302,13094880115.7524,58608965864.5584,29.3763,-1.7084,71554937538.6425,71654520805.7733,9519847228.8825,62035090309.76,2.3038,22688.01,CH,2015,20.7775,-6.249,165993464222.808,178863652800.161,30917551576.5191,135075912646.289,21.1602,-2.1202,171345363235.039,182158299305.401,22220881444.5364,149124481790.503,4.8763,10247.2064,ID,2015,18.03,0.7513,807986704431.962,791424437998.1329,178613967108.718,629372737323.244,17.611,2.9413,784710796800.765,773029478086.501,162672975122.198,622037821678.568,1.2229,40396.2432,JP,2015,36.1429,2.1127,534931900000.0,529773440038.191,112124400000.0,422807500000.0,42.9896,0.2342,640581100000.0,630129491251.218,97498600000.0,543082500000.0,2.8091,37907.5003,KR,2015,22.1097,-5.85,491880074570.799,465097474655.75,82643096048.2118,409236978522.587,19.8132,-5.6471,428630903175.949,416787832621.795,156278173575.95,272352729600.0,7.9963,5464.8591,IN
2016,12.067,-10.3424,203426770539.7,216687480308.195,63747069972.48,139679700567.22,12.4667,0.8635,217614808716.85,223864176667.717,33300291480.39,184314517236.46,-3.2759,14256.1632,BR,2016,39.0373,2.8489,420553967702.0,420784527247.497,33179025051.0,387374942651.0,37.063,3.5843,398518334911.0,399503104623.314,24213162696.0,374305172215.0,2.9105,19314.2574,MX,2016,13.5668,5.8242,75420138818.6909,75639125936.7673,21876362069.761,53543776748.93,12.5271,5.3174,71384640574.7552,69842486095.8653,13424706884.2252,57959933690.53,-2.0803,20307.8701,AG,2016,27.5394,0.8716,68694537066.9799,68969744994.9225,12839803476.0034,55854733590.9764,28.1486,0.5034,70244163147.2208,70495462057.2323,9525830793.2511,60718332353.9697,1.7111,22710.0171,CH,2016,18.3323,-2.4051,159559002321.518,170835000855.915,30407205820.2,129151796501.318,19.089,-1.6605,167793327281.49,177886012771.598,23323541061.0593,144469786220.431,5.0331,10494.5605,ID,2016,15.2754,-1.62,771080394387.22,751937855915.08,186422425108.62,584657969278.599,16.2664,1.7128,811524245542.463,800719531904.188,175703547794.342,635820697748.121,0.5219,39970.6798,JP,2016,33.4712,5.1746,507611900000.0,502104730870.38,112147500000.0,395464400000.0,40.1327,2.3723,606735200000.0,602034550194.781,94809100000.0,511926100000.0,2.9469,39567.0166,KR,2016,20.9243,4.3819,472012694192.71,480169284856.471,95922439916.7264,376090254275.984,19.1582,4.9843,430433487927.696,439642787829.415,161818782927.696,268614705000.0,8.2563,5839.8986,IN
2017,11.8046,6.7167,226514898036.35,243509744939.525,72405643776.77,154109254259.58,12.5231,4.9089,252547100285.24,258329886570.157,34478386936.65,218068713348.59,1.3229,14519.8491,BR,2017,39.5043,6.3696,458300662104.0,457355559665.02,37510658091.0,420790004013.0,37.6898,4.16,437449156402.0,436348928750.693,27642937102.0,409806219300.0,2.1181,19795.8685,MX,2017,13.9806,15.3562,89328005935.3091,89852806468.7521,25219069275.989,64108936659.32,11.2427,1.7171,74168131601.1446,72256505014.2791,15506258049.7046,58661873551.44,2.6686,23562.9188,AG,2017,27.2162,4.5643,75089622265.1627,75401011000.7735,13589659504.6923,61499962760.4705,28.4395,-1.5033,79054215190.4016,78790199944.6259,10195204552.8348,68859010637.5669,1.1886,23663.8853,CH,2017,19.1782,8.0679,182775400031.25,194777318889.991,32706819011.9912,150068581019.259,20.1773,8.8973,194210168760.017,204924485587.546,25327655425.0322,168882513334.985,5.0698,10935.8418,ID,2017,16.8216,3.3788,837877374600.558,818683776710.955,193048274941.401,644829099659.157,17.7519,6.8317,875513551319.4921,863958580239.173,186848568320.124,688664982999.3679,2.1683,40858.8844,JP,2017,36.1867,8.857,593152700000.0,587636539402.982,126435400000.0,466717300000.0,40.9342,2.4803,670011500000.0,664731199232.572,89701300000.0,580310200000.0,3.1596,41001.0669,KR,2017,21.9401,17.4146,561612525785.533,582017723566.675,109371141905.165,452241383880.368,18.7827,4.5553,489400913160.193,498258560860.568,185294014276.933,304106898883.26,7.0438,6185.9939,IN
2018,14.5081,8.3443,257663477835.22,273547364661.448,71173701744.61,186489776090.61,14.8897,3.9994,274976544272.16,280742690897.148,35439502074.21,239537042197.95,1.3172,14940.6726,BR,2018,41.159,5.8785,502540805208.0,502427887738.187,37690939966.0,464849865242.0,39.2893,5.9402,479820748669.0,479604350379.073,28766692917.0,451054055752.0,2.136,20396.4777,MX,2018,16.4199,-4.7331,86736858479.2543,85362531386.3677,24192628162.7744,62544230316.48,14.2805,-0.6575,76807312733.2336,74240343947.3216,15008575567.4235,61798737165.81,-2.4818,23282.637,AG,2018,28.7664,7.9112,85052317930.8632,85798121554.1782,14269358752.8979,70782959177.9653,28.5852,4.9737,85724982171.8487,85257763802.9178,10273154971.8517,75451827199.9968,3.9493,24765.2346,CH,2018,22.0297,11.8812,218645206075.832,229602658604.784,37691919313.8479,180953286761.984,20.9722,6.5465,211931832768.586,218580936570.606,31206848719.3763,180724984049.209,5.1697,11639.8651,ID,2018,18.2916,3.3716,928422545739.3,906313335634.838,203432052176.944,724990493562.357,18.5249,3.426,929827552588.353,917873408507.376,194249761810.275,735577790778.078,0.3232,41335.5232,JP,2018,37.0294,0.7703,649226600000.0,637120127214.902,133046900000.0,516179700000.0,41.6309,3.4728,729944000000.0,716291685597.4559,103677500000.0,626266500000.0,2.6649,42136.0804,KR,2018,23.5523,8.5976,642960117087.838,639013264039.195,124181614506.58,518778502581.258,19.8527,12.3287,537042432147.2271,538635201541.368,204955578853.907,332086853293.32,6.1196,6650.1121,IN
2019,14.6542,1.1052,254149123847.62,269601911015.338,69110223405.55,185038900442.07,14.3224,-2.5365,259792130706.455,263497852452.782,33971562004.12,225820568702.335,1.1366,15258.8508,BR,2019,39.1148,-1.0884,492222038776.0,492176132550.51,36394419178.0,455827619598.0,39.0612,1.1415,491674166850.0,491501733684.254,30222875433.0,461451291417.0,-0.1456,20410.7066,MX,2019,15.1034,-18.7275,66294302105.4377,67914684752.606,19365963838.9279,46928338266.5098,17.2902,9.4034,79338556506.4867,77747790213.0726,14183356654.1568,65155199852.3299,-2.163,22947.1398,AG,2019,28.5619,-2.3141,0.0,80635442457.6638,0.0,0.0,28.1999,-2.3132,0.0,79613395185.9381,0.0,0.0,1.0544,25154.9928,CH,2019,18.8959,-7.6871,204342917226.159,211480972417.496,39398285119.7917,164944632106.367,18.4075,-0.8732,200099948968.349,206015217322.011,31644582949.7326,168455366018.617,5.0247,12301.7529,ID,2019,0.0,0.0,900304822945.03,0.0,206259750521.668,694045072423.361,0.0,0.0,904882654438.294,0.0,207360702852.502,697521951585.791,0.6542,43235.7176,JP,2019,36.8836,-0.4467,615758500000.0,605769302553.079,130651900000.0,485106600000.0,39.8258,1.6746,669593700000.0,654092928564.839,107631100000.0,561962600000.0,2.0332,43028.8964,KR,2019,21.3566,-5.4718,616081632716.46,614031738088.427,130633610693.305,485448022023.155,18.662,-1.9149,545706420827.351,536558156026.587,214364494398.131,331341926429.22,5.0239,7034.2172,IN
