Country Name,Country Code,Series Name,Series Code,1960 [YR1960],1961 [YR1961],1962 [YR1962],1963 [YR1963],1964 [YR1964],1965 [YR1965],1966 [YR1966],1967 [YR1967],1968 [YR1968],1969 [YR1969],1970 [YR1970],1971 [YR1971],1972 [YR1972],1973 [YR1973],1974 [YR1974],1975 [YR1975],1976 [YR1976],1977 [YR1977],1978 [YR1978],1979 [YR1979],1980 [YR1980],1981 [YR1981],1982 [YR1982],1983 [YR1983],1984 [YR1984],1985 [YR1985],1986 [YR1986],1987 [YR1987],1988 [YR1988],1989 [YR1989],1990 [YR1990],1991 [YR1991],1992 [YR1992],1993 [YR1993],1994 [YR1994],1995 [YR1995],1996 [YR1996],1997 [YR1997],1998 [YR1998],1999 [YR1999],2000 [YR2000],2001 [YR2001],2002 [YR2002],2003 [YR2003],2004 [YR2004],2005 [YR2005],2006 [YR2006],2007 [YR2007],2008 [YR2008],2009 [YR2009],2010 [YR2010],2011 [YR2011],2012 [YR2012],2013 [YR2013],2014 [YR2014],2015 [YR2015],2016 [YR2016],2017 [YR2017],2018 [YR2018],2019 [YR2019]
Indonesia,IDN,Imports of goods and services (% of GDP),NE.IMP.GNFS.ZS,12.5576627370579,13.6141246543289,5.39285446783012,9.34928945400149,13.0651153010444,5.73597638127372,22.0955998733777,16.8671856569946,15.5768588734678,14.8270787343635,15.8383233532934,16.6421568627451,18.8957055214724,19.4805579411852,21.4204333208816,21.9735020763298,20.8324982058228,20.0792185453455,20.8476215598347,23.5897131651751,22.1798762039093,25.5468562015289,26.2971931460309,28.8138284014676,22.795641366128,20.9407015143453,20.5139357107403,22.3974477815104,22.2129020272362,22.9943290265198,25.5861024595444,26.4883038133183,27.1199706023253,23.768572466506,25.3656731979016,27.6464250504,26.4401916750537,28.134615525546,43.2180577941907,27.4297837763323,30.4595674435027,30.7610684301127,26.3918408785348,23.1388389663355,27.5446002184312,29.9206682408643,25.6224105005701,25.3935314930811,28.7531154639229,21.3530017000775,22.4022429392329,23.8526600952268,24.9885195110858,24.7137962959288,24.414190988586,20.7774609817235,18.3323479486654,19.17819263535,22.0297235226097,18.8958822798066
Indonesia,IDN,Imports of goods and services (annual % growth),NE.IMP.GNFS.KD.ZG,..,34.6938775511049,-1.96969696971165,-26.5842349304464,8.84210526294696,-8.12379110233644,-4.2105263157203,28.1318681317973,6.86106346472317,19.7431781701385,12.1983914210156,9.91636798075871,27.1739130435723,21.3675213674461,26.8622681666262,7.88496105450429,8.09730089970424,22.1845458282259,15.6000336388822,20.176778699265,15.1184963225472,27.0599989482922,8.20676240531724,12.3307580509503,-7.51405031106243,5.277337035576,4.16817118545025,1.97632826942937,-18.69451697128,13.4432447498301,23.1128724716765,16.8275467130523,6.56501702619916,4.43774610585584,20.295217075133,20.9390079647027,6.8647585908224,14.7159756709925,-5.29013327267047,-40.6752381218532,25.9339702392421,4.17986104533648,-4.24945352960823,1.5637336556439,26.6532944595042,17.7689484154521,8.58266754362637,9.06425835234552,10.0025672568361,-14.9774544546493,17.344322978662,15.0288827139723,7.99841121699345,1.86189666230503,2.11970235031443,-6.24901105161196,-2.40511308540455,8.06794624897265,11.8812029497552,-7.68714262634181
Indonesia,IDN,"Imports of goods and services (BoP, current US$)",BM.GSR.GNFS.CD,..,..,..,..,..,..,..,..,..,..,..,..,..,..,..,..,..,..,..,..,..,21540000000,22716000000,22037000000,19286000000,17840000000,16194000000,16972000000,18437000000,21749000000,27511000000,31398000000,34874000000,38222000000,43738000000,54461000000,59379000000,62830000000,44030357373.1649,42974513498.0652,56002463130.4348,50548622608.6957,52696753632.6136,56946585709.9852,67472159280.6336,86268317494.2578,87614055150.2901,101353828118.851,136137392331.93,104131018987.539,145424174547.834,188975131090.372,212891028322.357,211270240988.779,201850847350.439,165993464222.808,159559002321.518,182775400031.25,218645206075.832,204342917226.159
Indonesia,IDN,Imports of goods and services (current US$),NE.IMP.GNFS.CD,..,..,..,..,..,..,..,955991035.87029,1102291012.28399,1236196319.0184,1449315068.49315,1553301761.83894,2078072289.15663,3170120481.92771,5526987951.80723,6693975903.61446,7764096385.54217,9198072289.15663,10727293588.8438,12125156533.2431,16076492698.4434,21847220125.757,23709141551.7909,23354265855.6749,19342945136.534,17860217890.5372,16401727045.0983,17006296447.4817,18725515165.41,21718472101.1905,27157275252.8765,30891188671.1508,34720875699.535,37555937063.1049,44869883142.4274,55882279823.789,60116979037.698,60700151259.0363,41249712041.6119,38402067922.3448,50264686469.7912,49355195402.1429,51638437160.6839,54323622341.4892,70744690513.6428,85533800863.5511,93411753739.2281,109755093425.227,146706628549.322,115216544854.096,169158028224.496,212996886068.274,229362101573.161,225519356299.674,217485215697.145,178863652800.161,170835000855.915,194777318889.991,229602658604.784,211480972417.496
Indonesia,IDN,"Service imports (BoP, current US$)",BM.GSR.NFSV.CD,..,..,..,..,..,..,..,..,..,..,..,..,..,..,..,..,..,..,..,..,..,4998000000,4862000000,4311000000,4239000000,5135000000,4256000000,4440000000,4606000000,5439000000,6056000000,6564000000,8100000000,9846000000,11416000000,13540000000,15139000000,16607000000,12088211673.1649,12376063498.0652,15637083130.4348,15880142608.6957,17044883632.6136,17400415709.9852,20856309280.6336,22196827494.2578,21560945150.2901,24578378118.8508,28470106457.4182,23152014904.2923,26460993704.5681,31691424917.0791,34224073080.5646,35014246819.8444,33540622406.8088,30917551576.5191,30407205820.2,32706819011.9912,37691919313.8479,39398285119.7917
Indonesia,IDN,"Goods imports (BoP, current US$)",BM.GSR.MRCH.CD,..,..,..,..,..,..,..,..,..,..,..,..,..,..,..,..,..,..,..,..,..,16542000000,17854000000,17726000000,15047000000,12705000000,11938000000,12532000000,13831000000,16310000000,21455000000,24834000000,26774000000,28376000000,32322000000,40921000000,44240000000,46223000000,31942145700,30598450000,40365380000,34668480000,35651870000,39546170000,46615850000,64071490000,66053110000,76775450000,107667285874.511,80979004083.2465,118963180843.266,157283706173.293,178666955241.792,176255994168.935,168310224943.63,135075912646.289,129151796501.318,150068581019.259,180953286761.984,164944632106.367
Indonesia,IDN,Exports of goods and services (% of GDP),NE.EXP.GNFS.ZS,11.5325474115838,11.0614762816422,5.1681521983372,9.06881077038145,12.2520501857433,5.2762547448334,12.7572016460905,8.77565463552725,10.8694615347928,9.0139808682855,12.8443113772455,14.4199346405229,16.5162138475022,20.0536026297865,28.9979454613373,22.547755586316,22.1740901420471,23.4909813946883,21.8671414754243,30.0658227531897,30.4741702735352,27.6304440372406,22.379034286615,27.7454082629556,27.3149786111736,23.7776707966994,20.4956024570461,24.5768000967818,25.041659395038,26.0875546625977,27.3057589781449,28.3512610672578,30.3074635078275,26.7548134217247,26.5114278515733,26.3121650131426,25.8245519820943,27.8592432831317,52.968134566078,35.5141290838601,40.9773084738704,39.0321390955111,32.6876208878375,30.4776547809661,32.2166946182599,34.0672676279992,31.0347163143166,29.4357184851263,29.8082841673732,24.1591196686279,24.2990309366408,26.3273530888836,24.5943787881769,23.9235763793605,23.6659845969367,21.1601792598059,19.0889938536665,20.1773044351106,20.9722205710697,18.4075155786612
Indonesia,IDN,Exports of goods and services (annual % growth),NE.EXP.GNFS.KD.ZG,..,9.03846153842458,-8.64197530862099,-5.98455598453009,11.9096509240471,3.11926605503989,-1.06761565839287,-0.179856115112997,10.4504504504724,14.0293637846465,17.7396280400513,11.7861482381791,22.8260869565019,24.7787610619294,3.62548918261056,-9.73350434658458,12.5039469529733,22.3687903452068,1.85206422018516,2.57276360975371,-5.63666300769418,-2.39050776478744,-13.937552139181,6.27985875509196,6.53952738448893,-7.80424594111602,15.2123397641744,14.6235802727398,1.05147447251399,10.4464646076356,0.451046176537815,19.8802610973453,14.664400823091,6.60872896650501,9.94118840451439,7.72117304677143,7.56001906369397,7.79997401936778,11.1831750137557,-31.8049814709204,26.4849189450368,0.644980256911992,-1.21693045997009,5.88637986931026,13.5283305010528,16.6013141881483,9.40552567875197,8.54297971549755,9.53346069962357,-9.69013804966123,15.2663224108565,14.7699192430283,1.60874874973329,4.16695751315731,1.07463959746592,-2.12023972433835,-1.66050861328918,8.89729217600718,6.54652494829526,-0.873171485478636
Indonesia,IDN,"Exports of goods and services (BoP, current US$)",BX.GSR.GNFS.CD,..,..,..,..,..,..,..,..,..,..,..,..,..,..,..,..,..,..,..,..,..,23797000000,20251000000,19235000000,21324000000,19371000000,15240000000,18271000000,20878000000,24849000000,29295000000,32457000000,37187000000,40566000000,45020000000,52923000000,56787000000,63239000000,54849971800,55840471034.8021,70621521117.0085,62865023700,65828023965,69402126374.14,78813558769.0248,94679537822.5466,107400056941.626,122265544100.14,146055150859.016,125322055265.413,166636323443.415,212996855848.882,211006612793.011,205033131237.093,198823722296.059,171345363235.039,167793327281.49,194210168760.017,211931832768.586,200099948968.349
Indonesia,IDN,Exports of goods and services (current US$),NE.EXP.GNFS.CD,..,..,..,..,..,..,..,497382748.732514,769173673.299209,751533742.331288,1175342465.75342,1345889842.73232,1816385542.16867,3263373493.9759,7482168674.6988,6868915662.6506,8264096385.54217,10760963855.4217,11251894892.7774,15453888931.6105,22088390908.4785,23629067635.2529,20176590282.7474,22488286937.0563,23177770004.1644,20279854572.5697,16387068862.1352,18661070326.1201,21110162562.0037,24640067882.5837,28982531189.7617,33063806609.367,38801726176.401,42274397859.4989,46896633113.5023,53185312942.0389,58717201041.7111,60106038403.5787,50555726234.5501,49720260589.8075,67621169165.827,62625875833.9076,63956798804.501,71553141044.9888,82744351781.0167,97387627234.8393,113143424880.155,127226102177.005,152090401421.802,130357798591.185,183480563627.391,235095130017.567,225744402474.106,218308408827.835,210820082760.734,182158299305.401,177886012771.598,204924485587.546,218580936570.606,206015217322.011
Indonesia,IDN,"Service exports (BoP, current US$)",BX.GSR.NFSV.CD,..,..,..,..,..,..,..,..,..,..,..,..,..,..,..,..,..,..,..,..,..,449000000,504000000,546000000,570000000,844000000,844000000,1065000000,1369000000,1875000000,2488000000,2822000000,3391000000,3959000000,4797000000,5469000000,6599000000,6941000000,4479000000,4598583513.05209,5214141117.00854,5500453700,6662903965,5292886374.14,12729428769.0249,12997157822.5465,9149086941.62606,10964374107.6458,13845460473.6189,12055619119.5977,16670487601.2121,21888154371.1066,23660062832.5736,22943904589.5418,23530927575.0821,22220881444.5364,23323541061.0593,25327655425.0322,31206848719.3763,31644582949.7326
Indonesia,IDN,"Goods exports (BoP, current US$)",BX.GSR.MRCH.CD,..,..,..,..,..,..,..,..,..,..,..,..,..,..,..,..,..,..,..,..,..,23348000000,19747000000,18689000000,20754000000,18527000000,14396000000,17206000000,19509000000,22974000000,26807000000,29635000000,33796000000,36607000000,40223000000,47454000000,50188000000,56298000000,50370971800,51241887521.75,65407380000,57364570000,59165120000,64109240000,66084130000,81682380000,98250970000,111301169992.494,132209690385.397,113266436145.816,149965835842.203,191108701477.775,187346549960.437,182089226647.552,175292794720.977,149124481790.503,144469786220.431,168882513334.985,180724984049.209,168455366018.617
Indonesia,IDN,GDP growth (annual %),NY.GDP.MKTP.KD.ZG,..,5.74064582266813,1.84197770236842,-2.23702998571657,3.52969814993797,1.08158946626055,2.79134682484525,1.38040280607036,10.9151785714295,6.82229824913611,7.55463451394223,7.02399719740848,7.03764320785962,8.1039755351653,7.6346729055067,4.97730086669512,6.88656497352524,8.76132560106355,6.7670698576317,7.32430948559606,9.88007752166418,7.92715682412874,2.24644534036375,4.19296736819987,6.97552780884124,2.46214356422554,5.87504510359862,4.92592736496613,5.7804984881177,7.45658692516847,7.24213163856462,6.91198283591309,6.49750651682714,6.49640812045304,7.53997109551439,8.22000739903493,7.81818707670867,4.69987885390397,-13.1267254923818,0.79112608199847,4.9200677470169,3.64346644721493,4.49947539085764,4.78036912167654,5.03087394501685,5.69257130383384,5.50095178520348,6.34502222667214,6.01370360009123,4.62887118256154,6.22385418062366,6.16978420771008,6.03005065305612,5.55726368891013,5.006668425755,4.87632230022122,5.0330691828018,5.06978590134916,5.16970560898147,5.02471402216969
Indonesia,IDN,"GDP per capita, PPP (current international $)",NY.GDP.PCAP.PP.CD,..,..,..,..,..,..,..,..,..,..,..,..,..,..,..,..,..,..,..,..,..,..,..,..,..,..,..,..,..,..,3082.08233929689,3347.89049967578,3585.52782588368,3845.20225051607,4156.64779060459,4522.29295002484,4891.43932595429,5134.50794220607,4447.17441464182,4484.06923192199,4743.94469415312,4956.36115129303,5190.36499016359,5465.26420242497,5816.18149251643,6254.61432630332,6708.57559413028,7229.5380919644,7710.66607495119,8021.74776250678,8505.74853499029,9095.73363343822,9713.87315806302,10067.422245003,10278.139920209,10247.206377812,10494.5604668313,10935.8417542919,11639.8650613917,12301.7528999018
Japan,JPN,Imports of goods and services (% of GDP),NE.IMP.GNFS.ZS,..,..,..,..,..,..,..,..,..,..,9.20592189438483,8.68908892844508,7.99805850021968,9.67583299024366,13.8657981657964,12.3293248926326,12.3294351617813,11.0747877547151,9.0672082701821,12.0544257312681,14.1006822241489,13.5077950546571,13.3725078030448,11.7627975790364,11.9473611770638,10.7028463885209,7.23875450698854,7.168959032765,7.61088645655665,8.76042246483375,9.44298883288122,8.28787019613317,7.63772487869044,6.93602346903134,7.10082213161643,7.7076850527479,9.0454309367184,9.49188652840768,8.70754147415809,8.39719981726225,9.19516770266524,9.56902897677842,9.66739032943129,9.94383593192636,10.9503241482064,12.5030526614629,14.458879322927,15.6005719141407,16.9749827016931,11.9699857610097,13.5762507297335,15.4680067601598,16.0913711326959,18.2321241332052,20.0054682452576,18.0300451818283,15.2754094393443,16.8215858877511,18.2915985454891,..
Japan,JPN,Imports of goods and services (annual % growth),NE.IMP.GNFS.KD.ZG,..,..,..,..,..,..,..,..,..,..,..,7.04522968207905,10.5011586529658,24.3327856606258,4.18112271889093,-10.2904480105818,6.67530450966589,4.08962964395987,6.91143308308205,12.9123770500146,-7.76102800137718,2.42417654060777,-0.575249415976046,-3.22978714342592,10.6150526626697,-2.57810505463907,4.26369126809621,9.37369913362191,18.9991633964996,17.8009239002459,8.16460348807023,-1.13546755439286,-0.686230832389739,-1.20057978962835,8.27232671381672,12.9209569308597,11.0285852335546,0.347965257457886,-6.70848080274372,3.60552450107399,9.26672352400524,1.02911557154968,0.687094184386353,3.39651407767502,8.12055644913126,6.10001566708434,4.70708516806199,2.1845468660015,0.696754655814402,-15.6504123407278,11.1729241397173,5.80388772509627,5.40960464982044,3.27359185251419,8.26796252140699,0.751334173495749,-1.61997952591516,3.37878470507576,3.37162371933985,..
Japan,JPN,"Imports of goods and services (BoP, current US$)",BM.GSR.GNFS.CD,..,..,..,..,..,..,..,..,..,..,..,..,..,..,..,..,..,..,..,..,..,..,..,..,..,..,..,..,..,..,..,..,..,..,..,..,442138914582.809,426203390950.991,359326601912.898,390916935995.727,454631939272.424,417328597372.863,405295238086.671,449223648193.642,537110540360.613,603030821880.191,665519514454.974,718699651771.122,872816874723.23,645807434517.809,791792570423.91,970204797771.204,1014812620120.79,955466642252.267,991578642132.171,807986704431.962,771080394387.22,837877374600.558,928422545739.3,900304822945.03
Japan,JPN,Imports of goods and services (current US$),NE.IMP.GNFS.CD,..,..,..,..,..,..,..,..,..,..,19572635780.2778,20867004113.4637,25436329222.4724,41807597572.632,66503972918.6103,64302596001.5162,72270446348.6229,79894824196.4918,91906326824.9591,127175652404.399,155866963510.758,164658527096.281,151713508328.961,146249637386.285,157511814670.189,149721341618.323,150490328139.483,181576008987.987,233782306438.385,267623386902.708,295831621112.972,297072083274.254,298544112851.585,308940464649.48,348440138619.557,420000722945.877,437230129684.838,419041432041.583,351132459877.484,383086874532.513,449415629306.225,411807397252.835,397824353207.643,442068944696.744,527274407771.298,594571495451.749,655041775831.841,704407087687.415,855184090480.314,626195761252.793,773859611898.513,952436266381.442,998182045505.964,939996733656.13,970347939715.727,791424437998.133,751937855915.08,818683776710.955,906313335634.838,..
Japan,JPN,"Service imports (BoP, current US$)",BM.GSR.NFSV.CD,..,..,..,..,..,..,..,..,..,..,..,..,..,..,..,..,..,..,..,..,..,..,..,..,..,..,..,..,..,..,..,..,..,..,..,..,129909193501.464,124341545698.91,112765195866.576,116406370390.481,118298890422.051,111085585809.74,111250965117.982,113472969147.762,136866303941.159,139013002607.195,141406977155.915,158677311785.161,178976310623.88,155753773466.825,164880203297.889,175780159465.612,184688619379.113,170878437206.746,192573384092.524,178613967108.718,186422425108.62,193048274941.401,203432052176.944,206259750521.668
Japan,JPN,"Goods imports (BoP, current US$)",BM.GSR.MRCH.CD,..,..,..,..,..,..,..,..,..,..,..,..,..,..,..,..,..,..,..,..,..,..,..,..,..,..,..,..,..,..,..,..,..,..,..,..,312229721081.345,301861845252.08,246561406046.321,274510565605.246,336333048850.373,306243011563.123,294044272968.69,335750679045.881,400244236419.455,464017819272.996,524112537299.058,560022339985.962,693840564099.35,490053661050.983,626912367126.021,794424638305.591,830124000741.675,784588205045.521,799005258039.646,629372737323.244,584657969278.599,644829099659.157,724990493562.357,694045072423.361
Japan,JPN,Exports of goods and services (% of GDP),NE.EXP.GNFS.ZS,..,..,..,..,..,..,..,..,..,..,10.3602229312099,11.2290280105199,10.1471057362985,9.62229849244582,13.0385566167883,12.2686467170753,12.9968270671882,12.5542989371653,10.6600990066547,11.0896497463554,13.1270794590245,14.1210434671338,13.9207026632977,13.2973184573587,14.3932225711195,13.8931510461931,10.9123355049083,9.93740498898425,9.5745010560373,10.1117898476141,10.21975999127,9.7860723121728,9.69207915552146,9.0778552406565,9.0036501742541,8.97179683136026,9.47906921723545,10.5488516641158,10.5244802339333,9.9517600054498,10.6244850068159,10.2290991481917,11.0182210299423,11.6392934662293,12.9720323077118,14.012441121792,15.8729022962927,17.4933165716298,17.4240377234641,12.5209141554358,15.0367569834071,14.9249962098743,14.5447525563827,15.9153981234384,17.540301551347,17.6109755367671,16.2663956864248,17.7518522711411,18.524908818909,..
Japan,JPN,Exports of goods and services (annual % growth),NE.EXP.GNFS.KD.ZG,..,..,..,..,..,..,..,..,..,..,..,15.9954688570674,4.12008058766497,5.23839768294809,23.1408380532744,-0.953428467388946,16.6013613430301,11.7314410910335,-0.252621165106575,4.30455072714997,16.9826298091708,13.4088891521783,1.48726432087123,4.96768255385938,15.3533394072383,5.28240190255688,-4.98590265348827,0.101036687371916,6.80164209735776,9.5817085856015,7.4248815065653,5.42816086112079,4.60252250870043,0.820356589012789,4.44490963657316,4.22292194369409,4.80905903527832,11.0523138778474,-2.44839806509695,1.94725021169158,12.7405327835889,-6.70784186840268,7.76473442997288,9.51581827417711,14.2739099484304,7.16911827108883,10.3143303335071,8.67212446306867,1.5579398517564,-23.426769473711,24.9105519783434,-0.246043447187944,-0.0884886975647419,0.761212809293269,9.29036941525926,2.94131497291031,1.7127991650155,6.83169312894267,3.42596193145965,..
Japan,JPN,"Exports of goods and services (BoP, current US$)",BX.GSR.GNFS.CD,..,..,..,..,..,..,..,..,..,..,..,..,..,..,..,..,..,..,..,..,..,..,..,..,..,..,..,..,..,..,..,..,..,..,..,..,463448286179.457,473653405197.521,432295204232.759,460081514258.424,523723140996.313,443809272414.1,456896277082.513,521711100815.415,631340914707.165,672942493032.377,728564958770.034,802202392189.72,890158053215.872,669059383180.377,869989651841.154,930660438539.974,913614132577.114,830338357518.286,862973565685.068,784710796800.765,811524245542.463,875513551319.492,929827552588.353,904882654438.294
Japan,JPN,Exports of goods and services (current US$),NE.EXP.GNFS.CD,..,..,..,..,..,..,..,..,..,..,22026785840.8333,26966713727.4483,32270972031.1044,41576284284.9345,62536307378.2236,63986133888.3882,76182443148.1778,90568192249.8231,108052061240.714,116997148837.273,145104895104.895,172133957389.231,157932877703.936,165328697491.534,189757601911.398,194350282012.176,226862362760.934,251695445510.328,294098322534.933,308906500517.525,320166445085.208,350773940717.128,378844907237.431,404340733359.833,441812660090.521,488883643987.429,458190957638.002,465703619032.506,424400692714.504,454007135658.275,519273793561.019,440213809225.625,453412607267.043,517443189414.621,624622665052.268,666349114756.002,719102350573.047,789869515555.801,877807071435.137,655016933828.221,857109901329.889,919000611151.979,902241999043.109,820552895623.522,850777160708.391,773029478086.501,800719531904.188,863958580239.173,917873408507.376,..
Japan,JPN,"Service exports (BoP, current US$)",BX.GSR.NFSV.CD,..,..,..,..,..,..,..,..,..,..,..,..,..,..,..,..,..,..,..,..,..,..,..,..,..,..,..,..,..,..,..,..,..,..,..,..,68208714147.0747,69694113953.492,62671382934.3482,61155948852.1915,69422383743.6102,64715024449.0254,65943303664.1018,77833776411.9351,97809484113.866,101960552683.1,109345586362.544,121579391058.688,141040143455.655,120914193842.584,134553284394.811,140709392428.192,136973987462.158,135398403064.117,163793003422.824,162672975122.198,175703547794.342,186848568320.124,194249761810.275,207360702852.502
Japan,JPN,"Goods exports (BoP, current US$)",BX.GSR.MRCH.CD,..,..,..,..,..,..,..,..,..,..,..,..,..,..,..,..,..,..,..,..,..,..,..,..,..,..,..,..,..,..,..,..,..,..,..,..,395239572032.383,403959291244.03,369623821298.411,398925565406.232,454300757252.703,379094247965.074,390952973418.41,443877324403.479,533531430593.299,570981940349.276,619219372407.49,680623001131.03,749117909760.216,548145189337.792,735436367446.344,789951046111.783,776640145114.957,694939954454.167,699180562262.244,622037821678.568,635820697748.121,688664982999.368,735577790778.078,697521951585.791
Japan,JPN,GDP growth (annual %),NY.GDP.MKTP.KD.ZG,..,12.0435364080116,8.90897299558067,8.47364238279391,11.6767081963977,5.81970787298265,10.6385615591629,11.0821423246929,12.8824681383234,12.4778945144976,0.399050644836535,4.69899204223367,8.41354725524519,8.03259997464167,-1.22523982754012,3.09157591621805,3.97498409101746,4.39033795024311,5.27194150294601,5.48404183245223,2.81759120758123,4.209336465291,3.31245673720863,3.52304498514673,4.50199481615527,5.23338094683929,3.32652561629578,4.73066586036906,6.78502010949815,4.85803768630618,4.89271306575883,3.4174967617614,0.848069581292606,-0.517919847232037,0.993066363300827,2.74214032208901,3.0999992907731,1.07604523419364,-1.12840982885864,-0.251954272087815,2.77963282527575,0.406335903186886,0.117992776763344,1.52822014815892,2.20468788231713,1.662670405184,1.42000655604446,1.65418388116969,-1.09354060040749,-5.41641279673664,4.19173925858955,-0.115421339717841,1.49508958594926,2.0002678411015,0.374719476331322,1.22292104108077,0.521944455410846,2.16829073735609,0.323207337907206,0.654151650312727
Japan,JPN,"GDP per capita, PPP (current international $)",NY.GDP.PCAP.PP.CD,..,..,..,..,..,..,..,..,..,..,..,..,..,..,..,..,..,..,..,..,..,..,..,..,..,..,..,..,..,..,19561.2016400735,20849.017564839,21451.6742457702,21792.3356034633,22402.2663030639,23409.6402941224,24515.1161355113,25146.2004313157,25074.0575426,25325.7072638772,26838.6913604846,27472.5473026359,28160.1076146939,28924.6819531949,30348.0417430518,31663.4530989772,33090.1962558485,34501.5087278137,34798.7658977271,33198.616113072,34986.9945402402,35774.6967129559,37191.3859456258,38974.0794886127,39179.155610609,40396.2432092141,39970.6798469243,40858.8843834887,41335.5232236058,43235.7175691122
"Korea, Rep.",KOR,Imports of goods and services (% of GDP),NE.IMP.GNFS.ZS,11.9787080765229,13.9613510557194,15.5961296670858,14.6546071662745,12.3796776984642,14.3302180685358,18.2173778457325,19.6792070766279,22.635123161439,22.4503538727143,21.122076807552,23.0133798720186,21.442463153455,27.6536464458235,33.3004427577483,31.3289578512083,28.3490409595932,27.8765698808583,29.2218092190264,30.8897825154387,37.0916624501889,37.1914120854121,32.8610879333038,30.0265422641859,28.4638376003451,25.7854049202482,28.139316294091,28.1848973440769,26.2143762753031,25.5550904754954,25.7559726400879,26.0485043988995,24.6870370050097,23.2462078175323,24.5951471891851,26.7397699895283,27.8520014937326,29.1775230266763,28.960790952901,27.1719308212149,32.1559911508662,30.4360561697363,28.5802849932838,29.7767640156921,33.2613784169595,33.0417282278992,35.0254549142976,36.4823455972789,47.8744672251696,40.9482674584271,44.2958595844342,52.2285816810148,51.3642764025061,46.6600338441855,42.7830210318588,36.142932861381,33.4711585544775,36.1867108656532,37.0294064368732,36.8835541072986
"Korea, Rep.",KOR,Imports of goods and services (annual % growth),NE.IMP.GNFS.KD.ZG,..,-8.63971880492092,35.1646660510926,24.9971535921667,-24.8576763674455,13.4614219043579,49.5299145299145,30.155044298371,42.2638816457607,26.0847755204414,9.13834524337807,20.1393659829228,0.170387573377525,33.992753369916,19.6122076341188,4.1899888053734,24.5084769413242,22.0741014692533,30.4717444491877,13.5771934392085,-3.33586308371409,4.67255877150254,1.51360684796884,6.88429071629557,4.3201620730909,-2.04182095050565,33.2020874175111,18.0936449303301,13.222983824962,15.8175422495144,13.4344221260237,19.984069480665,4.81696648540837,6.74364467013649,23.9360776350835,22.0303219867029,14.1359695492189,2.36240320242311,-24.2187791488716,24.6354672688601,22.092734793113,-3.46217875463375,14.8911830132711,10.4792713264889,12.0841992456837,7.75268013716122,12.4718956683256,11.3831429421528,3.263048751203,-6.90762196111233,17.5097627576665,14.5120281957346,2.56759092816678,1.63991611885,1.26317794699678,2.11265433650236,5.17463953708024,8.85698210884091,0.770293425402997,-0.446733541218876
"Korea, Rep.",KOR,"Imports of goods and services (BoP, current US$)",BM.GSR.GNFS.CD,..,..,..,..,..,..,..,..,..,..,..,..,..,..,..,..,9595000000,12548000000,17686000000,22603000000,25318600000,28326100000,27041100000,27374300000,28669100000,26643600000,33121900000,42522600000,53117300000,63985500000,73841900000,86764700000,88533700000,93204800000,114451700000,152401000000,171375900000,168609500000,112474500000,137768700000,187533200000,170056000000,183391800000,213379400000,267215700000,312291400000,374648600000,434819200000,518519600000,397754500000,512823900000,661814900000,663267300000,647787300000,642443900000,534931900000,507611900000,593152700000,649226600000,615758500000
"Korea, Rep.",KOR,Imports of goods and services (current US$),NE.IMP.GNFS.CD,474140116.087497,337523799.755111,438924765.09525,584540709.771961,428205544.272768,447222222.222222,715744084.911919,955604021.883779,1385107536.59859,1723868684.06441,1902047913.44668,2279130059.05228,2329150652.85449,3837366941.15284,6508270081.83549,6824793388.42975,8477066115.70248,10717561983.4711,15187190082.6446,20679752066.1157,24257445302.3394,27124943100.8913,25749575969.7981,26351401869.1589,27755155214.7696,26119629433.8061,32877077542.6853,41699065125.1565,52321489603.1279,63102493074.7922,72984062394.0319,86128997068.2485,87768654326.5228,91279978073.1808,114027381915.489,151503105267.935,169944434085.4,166240263221.52,111015669596.986,135183795696.573,185275783405.249,166685566890.526,179268717678.185,209246481650.876,263820940872.42,308907471189.563,368894013922.426,427797123573.848,501407971186.702,386527844126.146,506774296512.035,654540621556.357,656655103709.746,639613504243.355,635036176085.567,529773440038.191,502104730870.38,587636539402.982,637120127214.902,605769302553.079
"Korea, Rep.",KOR,"Service imports (BoP, current US$)",BM.GSR.NFSV.CD,..,..,..,..,..,..,..,..,..,..,..,..,..,..,..,..,1191000000,2025000000,3195000000,3503000000,3739900000,4110000000,3990000000,3991500000,4037500000,3618500000,4094100000,4792200000,6179700000,8534400000,10291200000,12210500000,13604300000,15097900000,18610800000,25819300000,29602000000,29497800000,24549300000,27184500000,33402100000,33042900000,36849400000,40605600000,50335000000,59521900000,70052200000,84452500000,97356100000,81879000000,96921500000,102616200000,108191800000,109653000000,115192400000,112124400000,112147500000,126435400000,133046900000,130651900000
"Korea, Rep.",KOR,"Goods imports (BoP, current US$)",BM.GSR.MRCH.CD,..,..,..,..,..,..,..,..,..,..,..,..,..,..,..,..,8404000000,10523000000,14491000000,19100000000,21578700000,24216100000,23051100000,23382800000,24631600000,23025100000,29027800000,37730400000,46937600000,55451100000,63550700000,74554200000,74929400000,78106900000,95840900000,126581700000,141773900000,139111700000,87925200000,110584200000,154131100000,137013100000,146542400000,172773800000,216880700000,252769500000,304596400000,350366700000,421163500000,315875500000,415902400000,559198700000,555075500000,538134300000,527251500000,422807500000,395464400000,466717300000,516179700000,485106600000
"Korea, Rep.",KOR,Exports of goods and services (% of GDP),NE.EXP.GNFS.ZS,2.62146802209237,4.04057144751235,3.87306620018586,3.94569367840475,4.96295695435864,7.12902488603423,8.44222236813718,9.1129854904767,10.1423592651663,10.6103061473521,11.4388900808124,12.6759744037231,16.599104904281,23.9248819495956,22.2302340290955,22.6526044235366,25.5313415510475,26.0488711905031,24.9959251823729,23.654802282554,28.4391983909417,29.9399232531639,27.3678312205647,27.8856817190339,28.9039626523546,26.8716448597919,31.9677081694758,34.8152554935258,32.4892615964826,27.3585690867047,24.9943407384065,23.7765747515992,24.0723886361933,23.6724704162335,24.0708425974796,25.7242519716753,24.8019714336879,28.3455147196928,39.5366811034608,32.590822939439,33.9391689573172,31.7877410482541,29.7727544096379,31.3978372633201,36.7543364487134,35.2830827957409,35.6264186161218,37.3921796905127,47.6418852095772,45.1853519113199,47.1037369107414,53.3377319003336,54.0940513351953,51.2920711097027,47.8314208662979,42.989561527711,40.1326509111205,40.9342069409884,41.6308555017515,39.8258409930053
"Korea, Rep.",KOR,Exports of goods and services (annual % growth),NE.EXP.GNFS.KD.ZG,..,35.4618015963512,15.6144781144781,14.5977429923553,28.9707750952986,36.551724137931,42.8932178932179,29.9924261550114,37.9782482035347,36.5331831937504,30.6958762886598,24.180634983238,42.9143111224036,50.8733721498733,4.2966563558698,21.3453472114339,39.1266395875281,21.8924367779553,16.8946324523537,2.98779986613904,8.51523529914773,13.8632638480289,2.0480665863865,16.4594447960937,12.6203000951142,1.29441248151454,35.0252511502545,24.4358808273832,10.6754192127975,-3.66616034990757,5.08760498255118,12.2215634027384,12.1243264576303,10.0619063832966,18.0976834223789,22.9564367751298,10.1899004427265,18.7137985609163,14.5646213157226,12.2700361703787,16.9854648134148,-1.7990697742394,12.8127174232531,13.5795267390889,21.0047849842309,7.89918335820504,12.0450939030045,12.6039352995937,7.6021620049445,-0.456772388881106,13.0278215436911,15.4171997110504,5.79341076341532,3.82023744755062,2.09556327909372,0.23419714213108,2.37228906653245,2.48034493797871,3.47280997775425,1.67456626316991
"Korea, Rep.",KOR,"Exports of goods and services (BoP, current US$)",BX.GSR.GNFS.CD,..,..,..,..,..,..,..,..,..,..,..,..,..,..,..,..,9341000000,12830000000,16770000000,19097000000,20041500000,24161800000,23862000000,25863400000,29298300000,26719800000,37559800000,52267900000,65692600000,67709600000,70653500000,78598000000,85261300000,94868500000,110018600000,144002300000,149397600000,160620300000,154969600000,164257200000,202080000000,177196200000,191979100000,230672300000,301338300000,335799700000,386122900000,454215800000,523955000000,436472400000,546783400000,677772700000,706799100000,721717500000,725298800000,640581100000,606735200000,670011500000,729944000000,669593700000
"Korea, Rep.",KOR,Exports of goods and services (current US$),NE.EXP.GNFS.CD,103762704.990748,97683169.9671131,109000419.232382,157385220.712387,171665671.401696,222484984.984985,331687182.133117,442518113.263345,620639797.578167,814720988.339811,1030074703.76095,1255365115.94412,1803049199.52149,3319943763.80799,4344697999.85166,4934710743.80165,7634504132.2314,10014876033.0579,12990909090.9091,15836157024.7934,18598850896.3996,21836189301.4992,21445122284.8389,24472574927.4895,28184322191.6177,27219948966.6904,37350048216.0077,51508564620.6402,64845584918.0417,67555773985.0475,70825844919.1816,78616895070.5666,85583424069.6855,92953766803.294,111596614599.539,145749348477.187,151334079184.536,161499858087.439,151556327777.143,162143469995.458,195550063662.729,174088180388.694,186748435364.362,220638044326.583,291526211015.262,329861919056.686,375223465252.325,438465966315.25,498972049006.635,426523458607.755,538898293429.153,668440747705.411,691553300804.602,703109248740.173,709970494628.1,630129491251.218,602034550194.781,664731199232.572,716291685597.456,654092928564.839
"Korea, Rep.",KOR,"Service exports (BoP, current US$)",BX.GSR.NFSV.CD,..,..,..,..,..,..,..,..,..,..,..,..,..,..,..,..,1527000000,2784000000,4059000000,4392000000,5026200000,6147300000,7174700000,6862200000,6952200000,5948300000,6399800000,8559600000,9339600000,9848100000,10792200000,11197200000,11772300000,14078900000,18038500000,24424600000,24970200000,28253600000,27430600000,28226600000,32556400000,30776600000,31023100000,35760500000,45284600000,50537700000,57012000000,71413000000,91045400000,72541300000,82948700000,90559700000,103134300000,103324200000,111902300000,97498600000,94809100000,89701300000,103677500000,107631100000
"Korea, Rep.",KOR,"Goods exports (BoP, current US$)",BX.GSR.MRCH.CD,..,..,..,..,..,..,..,..,..,..,..,..,..,..,..,..,7814000000,10046000000,12711000000,14705000000,15015300000,18014500000,16687300000,19001200000,22346100000,20771500000,31160000000,43708300000,56353000000,57861500000,59861300000,67400800000,73489000000,80789600000,91980100000,119577700000,124427400000,132366700000,127539000000,136030600000,169523600000,146419600000,160956000000,194911800000,256053700000,285262000000,329110900000,382802800000,432909600000,363931100000,463834700000,587213000000,603664800000,618393300000,613396500000,543082500000,511926100000,580310200000,626266500000,561962600000
"Korea, Rep.",KOR,GDP growth (annual %),NY.GDP.MKTP.KD.ZG,..,6.93599265224405,3.89527253075299,9.02056828279763,9.47382471805444,7.31843358022128,11.9939566084487,9.0796065539801,13.1657682900767,14.5613666963927,10.0527348072623,10.5455135521971,7.21436072179991,14.8983226573489,9.51183543440047,7.8399333381073,13.2214478025627,12.3359821950185,10.9529856954848,8.67122670709715,-1.64568764044438,7.24617628510612,8.33807808691536,13.3761744903693,10.5516403549852,7.8388640217409,11.3272611963066,12.7236921193269,11.9877155593824,7.07289360531416,9.8775525016936,10.7780561268967,6.19864279836374,6.87747412868558,9.26866633778376,9.61456539319965,7.89070332600667,6.17055242658977,-5.12944816520964,11.4669424267425,9.06083332508534,4.85239957151281,7.72514267547173,3.14729119373408,5.19739136324382,4.30854271411236,5.26432659466724,5.79954841503216,3.01298487281167,0.792698989518186,6.80482491783671,3.68566778212526,2.40253099246186,3.16470863647184,3.2024537945736,2.80910326824133,2.94688171508626,3.15963574012777,2.66493034603647,2.03315097078062
"Korea, Rep.",KOR,"GDP per capita, PPP (current international $)",NY.GDP.PCAP.PP.CD,..,..,..,..,..,..,..,..,..,..,..,..,..,..,..,..,..,..,..,..,..,..,..,..,..,..,..,..,..,..,8392.4110099923,9486.82169123226,10201.2633984046,11054.2618539039,12219.7127730286,13549.1197615149,14724.2791108468,15744.781273962,14976.4219145956,16807.1294764195,18551.2611150386,19693.4432338796,21396.8377455369,22074.0142821384,23785.2872370492,25186.8675668092,26877.9920994034,29059.7656812037,29946.0774891302,29644.4341541723,31740.4595596848,32546.7536531234,33557.1287196434,34244.3121393117,35324.4976704773,37907.5003102016,39567.0166243445,41001.0668862273,42136.0803851851,43028.8963533414
India,IND,Imports of goods and services (% of GDP),NE.IMP.GNFS.ZS,6.83367665697623,5.95757640480205,6.03181489594084,5.90683445823862,5.68499774747481,5.21156158872582,6.67168685172654,5.94661767283014,4.94297346976769,4.0309338230008,3.87894427592481,4.00240134139237,3.70891033572639,4.72333282643708,6.02056925037022,6.64691605611397,6.11469021104386,6.26492932389808,6.5881866082292,8.16916637412405,9.2450257161908,8.57123813494003,8.14262790099815,7.85296446248906,7.7259745513612,7.64548119785037,7.02305023891085,6.98023315167344,7.45523036139782,8.15200181269201,8.45291127606256,8.49348578059959,9.59017211680717,9.81732233160511,10.1900594601826,12.0234806709882,11.5443185997804,11.9286695483601,12.681000899683,13.363533431492,13.9036865989046,13.4348751195257,15.244279010869,15.6445222747906,19.6446890963991,22.396422920159,24.4565390769537,24.8865689304956,29.2708631790835,25.8723502686493,26.8542732486568,31.0834605511169,31.2592910673332,28.4132706461587,25.9542227389497,22.1097246755215,20.924250822892,21.940126113982,23.5523180674035,21.3565685053267
India,IND,Imports of goods and services (annual % growth),NE.IMP.GNFS.KD.ZG,..,-9.75590110655273,3.90921540024733,3.3919888181798,3.37974277330588,-11.0562077902675,28.6222757782687,-3.94361805309576,-14.3609761271467,-13.0351350782994,17.9149598229007,18.0284834952635,-1.88841370625121,8.07509592954349,-12.7580859102844,1.27946127946177,1.89621944136422,27.3956135302767,0.0491438192835147,19.3208375421118,14.3541980550614,10.0294204177695,3.45417011820648,21.9841770940961,-14.3300618959624,13.8709092308833,17.083968934181,-1.66821943333154,9.19447341080435,2.08437082346693,3.36582275555675,0.0152004827537127,21.128079319022,19.2672648002581,22.6015933267039,28.1258783201148,-2.43998772149931,13.2006841137833,20.8455913319449,6.99250706275376,4.58971646141899,2.94424857575395,11.9968193769515,13.8839169504243,22.195234738959,32.2696449023408,21.5046442150143,9.95158720711473,22.448625788889,-1.92581617930777,15.8118914649334,20.411734785014,6.02179407511316,-8.14580095199473,0.871230764061352,-5.85004368143312,4.38189390372241,17.4145873914576,8.59757917739512,-5.47175976221963
India,IND,"Imports of goods and services (BoP, current US$)",BM.GSR.GNFS.CD,..,..,..,..,..,..,..,..,..,..,..,..,..,..,..,6006734062.18488,5763690293.07915,6603141915.54137,8957077742.21229,11938309152.4636,16927945724.1528,17397435384.721,17517737340.5087,17572596377.4069,17857801537.7852,18984136045.6211,19631790603.5359,22290070406.5336,25412608224.0404,28127927456.0753,29526607272.4647,27031902767.4675,29665639165.5541,30604948801.5936,37872390417.4142,48225107456.5025,54959987567.5137,58172791087.9908,59367859754.3617,62827495215.8222,73075192253.4588,71311160936.1966,75741490127.6454,92959121913.9984,130980013020.093,181858367950.56,225086027161.736,278785752272.433,379479380179.347,328257176213.271,439059034248.05,553062186679.575,579908579784.452,560408478123.575,553552854081.367,491880074570.799,472012694192.71,561612525785.533,642960117087.838,616081632716.46
India,IND,Imports of goods and services (current US$),NE.IMP.GNFS.CD,2530502530.50253,2337302337.30234,2543102543.10254,2860202860.20286,3210903210.90321,3103737925.2415,3060000000,2981333333.33333,2624000000,2356000000,2421333333.33333,2695656847.98968,2650505782.21613,4039170799.94913,5992025678.31887,6545404118.61234,6280836400.65784,7611094890.51095,9045599668.54329,12498142736.863,17225826069.329,16584540954.5994,16343487427.6871,17140058765.9158,16391291180.1326,17776651903.182,17486411449.5757,19477194741.1034,22111392789.7933,24133378144.8051,27132072318.021,22941358805.152,27639684528.9706,27419390836.078,33349576561.3405,43318430945.9629,45357287723.0936,49607490116.6092,53431584653.2041,61314619861.4489,65124164122.0956,65218394082.2249,78498577658.6009,95071650073.4454,139310020965.107,183736131690.217,229955027127.372,302803704356.854,350927085507.549,347177602084.154,449974320818.573,566667153574.074,571306638044.004,527555481498.928,529239679343.382,465097474655.75,480169284856.471,582017723566.675,639013264039.195,614031738088.427
India,IND,"Service imports (BoP, current US$)",BM.GSR.NFSV.CD,..,..,..,..,..,..,..,..,..,..,..,..,..,..,..,1054429279.17305,1140339679.02635,1286195618.38039,1555185643.21346,2119707072.13335,2981250139.57393,3248934601.12185,3471435845.60141,3705025624.46395,3641498270.92706,3902932257.51467,3945325642.70595,4629176088.49918,5321401025.6651,5873652595.48242,6089548067.05279,5945075745.0026,6735101347.11522,6496558658.3013,8199772592.99906,10267794515.7864,11171035176.142,12442708483.9385,14539897341.0067,17271286038.6787,19187986329.7412,20098890497.6649,21039210377.5587,24877940963.3998,35440956520.119,47166360582.4006,58514164307.3856,70174852289.9934,55562861740.1068,53030141319.9253,78912971413.9373,77758139080.0178,79919618509.4566,78722220355.347,81118589090.5259,82643096048.2118,95922439916.7264,109371141905.165,124181614506.58,130633610693.305
India,IND,"Goods imports (BoP, current US$)",BM.GSR.MRCH.CD,..,..,..,..,..,..,..,..,..,..,..,..,..,..,..,4952304783.01183,4623350614.05281,5316946297.16098,7401892098.99883,9818602080.33025,13946695584.5789,14148500783.5992,14046301494.9073,13867570752.9429,14216303266.8581,15081203788.1064,15686464960.8299,17660894318.0344,20091207198.3753,22254274860.5929,23437059205.4119,21086827022.4649,22930537818.4389,24108390143.2923,29672617824.4152,37957312940.7161,43788952391.3717,45730082604.0522,44827962413.355,45556209177.1434,53887205923.7176,51212270438.5317,54702279750.0867,68081180950.5987,95539056499.9736,134692007368.16,166571862854.351,208610899982.439,323916518439.24,275227034893.346,360146062834.113,475304047599.557,499988961274.995,481686257768.228,472434264990.841,409236978522.587,376090254275.984,452241383880.368,518778502581.258,485448022023.155
India,IND,Exports of goods and services (% of GDP),NE.EXP.GNFS.ZS,4.4631564556351,4.30358618999178,4.16897528315647,4.28050338493504,3.7255511726421,3.30747278093695,4.14255065956876,4.0344449953861,4.0387710057858,3.71384282051234,3.78282506203901,3.66720521708832,4.02748926158673,4.20876319232271,4.83132100338351,5.64706215784259,6.68651286170258,6.38317181382281,6.31482523475021,6.74963815734046,6.13955113205993,5.93602662650719,5.98329984870625,5.83762942419484,6.28340139298242,5.25455499627935,5.19622166028455,5.60458088400527,6.03521975491727,7.0161302779135,7.05335023415339,8.49424077053547,8.84292692502088,9.83421745486326,9.88808491615672,10.8439680348823,10.3851692716063,10.6907173181022,11.018469179248,11.4520646128009,12.9972363111656,12.5583796339108,14.2643839244292,14.9479138582269,17.8591249630479,19.6052466949414,21.2679414220966,20.7996997489457,24.0973572601391,20.4005193744525,22.4009332488238,24.5404048907945,24.534430661418,25.430861300519,22.9679630081172,19.8131891259911,19.1582349291,18.7826851657717,19.8526514282561,18.6619686010812
India,IND,Exports of goods and services (annual % growth),NE.EXP.GNFS.KD.ZG,..,-0.185873213816208,-0.579831240395364,8.40407789765058,-6.512049662913,-13.8641764679169,25.8403622087534,4.95613551576368,3.13804077720816,-1.93800431131895,31.5578163494325,1.05203720764395,8.23785444536954,4.96345587433021,8.19979729914841,16.4488383217807,19.8188369167183,-3.5673562469465,7.80303030303095,11.1541910000722,5.23732968932076,-0.81693405260485,6.0205080221556,-0.914918273804602,7.29785195740422,-6.31491087583781,5.43238101929842,12.727278511821,7.47306335568571,11.9791334018758,11.1044182125269,9.6622863287694,4.89324425407693,13.7795937608805,13.0436650864233,31.3960730985902,6.28973043769874,-2.32817624087231,13.8843218392379,17.9994694789256,18.1535110262719,4.30952451749982,21.0850028148714,9.58221991967588,27.1764118205114,26.0850744284358,20.3938054974044,5.866539050149,14.7781351310408,-4.83422535371287,19.4781354582247,15.4929879261522,6.80548281183171,7.79238923851602,1.77759073335378,-5.64708727457763,4.98425762112336,4.55527094958366,12.3287137554698,-1.9148730885845
India,IND,"Exports of goods and services (BoP, current US$)",BX.GSR.GNFS.CD,..,..,..,..,..,..,..,..,..,..,..,..,..,..,..,5506716461.9692,6466191483.17676,7565571017.55048,8124589101.05027,9679969986.92073,11274397263.3685,11234710725.9819,12159028818.9729,13059989650.5483,13423608500.9944,12849204785.9406,13476274302.0899,15247435579.9095,17301077321.6336,20283679802.9595,22911050152.3697,23020341172.3229,24953469070.621,27122896193.4142,31560671994.8993,38013243235.1157,40975672886.2795,44812659333.5248,45766843440.0458,51386266375.4722,59931697987.5545,62130222527.4738,70619282935.6584,84795030552.851,116019759652.382,154582031679.649,193316062904.371,240082039833.715,305119336663.061,260847157421.868,348035371769.33,446375404070.601,443845180758.278,468273426431.433,485583046457.597,428630903175.949,430433487927.696,489400913160.193,537042432147.227,545706420827.351
India,IND,Exports of goods and services (current US$),NE.EXP.GNFS.CD,1652701652.70165,1688401688.40169,1757701757.70176,2072702072.70207,2104202104.2021,1969760604.7879,1900000000,2022666666.66667,2144000000,2170666666.66667,2361333333.33333,2469898946.46313,2878172457.50653,3599135190.13099,4808415667.78675,5560820024.49904,6868196413.18819,7754744525.54745,8670273695.49852,10326383041.9494,11439539833.7726,11485654131.2966,12009388988.7104,12741342694.5045,13330753440.7915,12217464494.0919,12937864153.5995,15638662913.9839,17899797605.808,20770717303.6297,22639774911.5525,22943398073.2995,25486060890.6036,27466578243.4169,32361287610.239,39068859788.0594,40803024157.2021,44459245982.728,46426482685.1663,52544410650.2485,60878396865.5263,60963525504.4702,73452725999.4092,90838365703.7158,126647719432.562,160837835640.201,199973922363.783,253077318576.18,288902151603.701,273751836387.128,375353472834.938,447383950836.263,448400543291.471,472180427427.899,468346037554.217,416787832621.795,439642787829.415,498258560860.568,538635201541.368,536558156026.587
India,IND,"Service exports (BoP, current US$)",BX.GSR.NFSV.CD,..,..,..,..,..,..,..,..,..,..,..,..,..,..,..,840616811.85186,1055835076.21675,1316486936.8595,1606852918.3388,2082933821.57813,2971257228.1798,2797358479.03271,2932696123.2026,3290114665.84433,3232033318.44121,3384170907.60667,3228227514.14047,3363400778.86034,3791282738.484,4139799056.96505,4624863458.17658,4925463516.79666,4934088263.30951,5107023139.30631,6038145747.06062,6774717629.28488,7238385383.75323,9110607257.41231,11691135746.9016,14508990006.6233,16685072487.9532,17337028678.911,19478164642.0501,23901712153.482,38097905006.7566,52178951919.4885,69439848437.8817,86552459544.1145,106054239104.621,92889486181.6886,117068311674.444,138527915664.694,145524596558.416,149163631866.117,157196138163.656,156278173575.95,161818782927.696,185294014276.933,204955578853.907,214364494398.131
India,IND,"Goods exports (BoP, current US$)",BX.GSR.MRCH.CD,..,..,..,..,..,..,..,..,..,..,..,..,..,..,..,4666099650.11734,5410356406.96001,6249084080.69098,6517736182.71147,7597036165.3426,8303140035.18869,8437352246.94923,9226332695.77027,9769874984.70398,10191575182.5532,9465033878.33395,10248046787.9495,11884034801.0492,13509794583.1496,16143880745.9945,18286186694.1932,18094877655.5263,20019380807.3115,22015873054.1079,25522526247.8387,31238525605.8308,33737287502.5263,35702052076.1125,34075707693.1442,36877276368.8489,43246625499.6013,44793193848.5628,51141118293.6083,60893318399.369,77921854645.6255,102403079760.161,123876214466.49,153529580289.601,199065097558.44,167957671240.179,230967060094.886,307847488405.908,298320584199.861,319109794565.316,328386908293.941,272352729600,268614705000,304106898883.26,332086853293.32,331341926429.22
India,IND,GDP growth (annual %),NY.GDP.MKTP.KD.ZG,..,3.72274253269815,2.93112773666002,5.99435326095099,7.45295012233009,-2.63577010985357,-0.0553287698314762,7.82596303033039,3.38792917600293,6.53970029627997,5.1572297360829,1.64293038388747,-0.553301312377613,3.29552113522355,1.18533626034041,9.14991201480568,1.66310363661293,7.2547645858358,5.71253208900177,-5.23818270278925,6.73582152799833,6.00620362381754,3.47573324031229,7.28889290124583,3.82073785597366,5.25429922330882,4.77656417048958,3.96535563390583,9.6277829198482,5.94734332826501,5.53345456306511,1.05683143294308,5.48239602167047,4.75077621965237,6.65892406734024,7.57449184032379,7.5495222488198,4.0498208490926,6.18441582090618,8.84575556105509,3.84099115681285,4.82396626390644,3.80397532137577,7.86038147553259,7.92293661286503,7.92343062149763,8.06073257303272,7.66081506504928,3.08669805953289,7.86188883303498,8.49758470158106,5.2413447428854,5.45635895072287,6.38610640094825,7.41022760508852,7.99625344413879,8.25630584417523,7.04382085538124,6.11958684138214,5.02387342771704
India,IND,"GDP per capita, PPP (current international $)",NY.GDP.PCAP.PP.CD,..,..,..,..,..,..,..,..,..,..,..,..,..,..,..,..,..,..,..,..,..,..,..,..,..,..,..,..,..,..,1201.66848724779,1230.08697365313,1300.77505523724,1367.6366878107,1461.18343229864,1574.31797073774,1691.8047801957,1757.51471290038,1852.81043352559,2009.21568837782,2095.64700419512,2206.44818325636,2287.63002012228,2472.1037408716,2695.89369735673,2953.10925099072,3237.29479944603,3525.31444910365,3650.9429341224,3912.41821782714,4236.74432396135,4493.66789625471,4861.14637077484,5057.21758085031,5233.86854281857,5464.85914051525,5839.8985890506,6185.99389258543,6650.11214875053,7034.21722432128
Brazil,BRA,Imports of goods and services (% of GDP),NE.IMP.GNFS.ZS,7.11728554327239,7.33945907077904,5.18897394767796,9.11100002127562,5.6776000056402,5.55592484290456,5.99166922704867,5.7689710655619,6.61038441129829,6.55371309699865,7.44975914768755,8.13797343242644,8.844075564518,9.50158099803278,13.8837280806904,11.5055803106496,9.43261782257726,7.91774763658594,7.86439435789246,9.17556778799975,11.3058307064925,9.79944909521963,8.27447902353463,9.00834119424021,7.92438729311929,7.09531456076386,6.35457655453407,6.19266264606477,5.69253804870036,5.46126798028507,6.9617655463444,7.91394353581263,8.38509433055603,9.09604605458896,9.66785406991572,9.45558496072482,8.90538179274132,9.59255968601575,9.40808459248784,11.4172682172491,12.4517133524146,14.564574352134,13.3877671308534,12.9596010144732,13.1324909668183,11.8429659423762,11.6673835813384,11.9649362669047,13.7235689068504,11.2546044679462,11.9065933373084,12.3518953217282,13.2367345412855,14.0437454364237,13.6734629958056,14.0534511983164,12.0670189851289,11.8046383594658,14.5080826628793,14.6542047944056
Brazil,BRA,Imports of goods and services (annual % growth),NE.IMP.GNFS.KD.ZG,..,-3.48843308833531,-1.20431186245116,-2.43879567951019,-12.5004082704348,-14.2862484150039,31.6662865082342,7.59503374227657,23.5286957910652,11.4287821311437,23.9316559690622,24.497057833621,20.027020632087,20.4017139979047,28.4885883112389,-4.52475559331985,-1.24281096525999,-7.57285014446836,4.58173027427561,8.20777659263432,0.676731515730793,-12.3571235764734,-6.03095227109218,-17.4327947754363,-2.94122560325751,0,28.6797595454191,-2.9438102632048,-1.12645376595157,8.9395472511067,10.0663740627273,18.6777528417929,4.52331893103801,26.7837410987456,20.3434547687513,30.6868674128978,5.58586337669959,14.5950768781524,-0.0566612366407782,-15.0941454775671,10.7985867038515,3.33140284745186,-13.3072689977883,-0.48349719563609,10.3640452492909,7.46134604095892,17.7625845486006,19.55759871759,17.0257102791374,-7.60196748937173,33.6390246494407,9.39340148096277,1.13084445946079,6.66991265117625,-2.27239720905091,-14.1907850293058,-10.3424174614504,6.71669893318443,8.34430030113367,1.10519476327453
Brazil,BRA,"Imports of goods and services (BoP, current US$)",BM.GSR.GNFS.CD,..,..,..,..,..,..,..,..,..,..,..,..,..,..,..,14546000000,14950000000,14816000000,16705000000,21760000000,27826000000,27229000000,24792000000,19560000000,17612000000,16958000000,18433000000,19368000000,19907000000,24180000000,28184000000,28251000000,27984000000,34856000000,43495000000,63293000000,66018000000,75139000000,74415000000,62807000000,71576500702.0768,71626048627.3636,60778949499.4464,62707203451.3367,78995242018.1936,96610925191.4596,119498967176.935,157790361251.241,220247095195.331,174697463800,243660936841.03,302029366543.06,303848045030.47,325571419168.28,318799145127.77,243145561020.6,203426770539.7,226514898036.35,257663477835.22,254149123847.62
Brazil,BRA,Imports of goods and services (current US$),NE.IMP.GNFS.CD,1079376914.93865,1118302726.08473,1033970196.04432,2097486800.99115,1204326396.14961,1210637974.35359,1621508461.2021,1764834054.99797,2239326014.7452,2454948720.19931,3153304260.31533,4004245613.85253,5177234171.78625,7532763884.77189,14596797400.1872,14233481672.8226,14401534168.3917,13948797699.9376,15791774010.8349,20642227950.3886,26571483279.6605,25827534749.1203,23307743170.8143,18314364418.7078,16563864377.3291,15818492271.929,17038985216.6532,18211636976.1514,18807996682.1739,23242900390.625,32160000000,47710000000,33590625000,39822360248.4472,53957453464.727,72742324397.9514,75733720724.306,84721451205.9369,81259829211.5467,68433801840.5246,81611100027.3299,81470191055.1824,68004834965.369,72356034124.1469,87897949128.2051,105595458223.792,129232641290.856,167160252067.177,232727652852.001,187616483044.913,263001364256.48,323150406504.065,326310480774.154,347274708965.261,335819379515.512,253273317502.78,216687480308.195,243509744939.525,273547364661.448,269601911015.338
Brazil,BRA,"Service imports (BoP, current US$)",BM.GSR.NFSV.CD,..,..,..,..,..,..,..,..,..,..,..,..,..,..,..,2504000000,2603000000,2793000000,3074000000,3799000000,4871000000,5138000000,5397000000,4131000000,3696000000,3790000000,4389000000,4316000000,5302000000,5917000000,7523000000,7210000000,7430000000,9555000000,10254000000,13630000000,12717000000,15301000000,16704000000,13798000000,16265448702.0768,16645245627.3637,14075397499.4464,14897717451.3368,16647139025.57,23471147333.4596,28149406188.9351,37172915001.2415,47140404693.3313,46974141400,60827829399.94,74148583665.49,78984426905.79,84382714980.34,88072140088.13,70723366749.08,63747069972.48,72405643776.77,71173701744.61,69110223405.55
Brazil,BRA,"Goods imports (BoP, current US$)",BM.GSR.MRCH.CD,..,..,..,..,..,..,..,..,..,..,..,..,..,..,..,12042000000,12347000000,12023000000,13631000000,17961000000,22955000000,22091000000,19395000000,15429000000,13916000000,13168000000,14044000000,15052000000,14605000000,18263000000,20661000000,21041000000,20554000000,25301000000,33241000000,49663000000,53301000000,59838000000,57711000000,49009000000,55311052000,54980803000,46703552000,47809486000,62348102992.6237,73139777858,91349560988,120617446250,173106690502,127723322400,182833107441.09,227880782877.57,224863618124.68,241188704187.94,230727005039.64,172422194271.52,139679700567.22,154109254259.58,186489776090.61,185038900442.07
Brazil,BRA,Exports of goods and services (% of GDP),NE.EXP.GNFS.ZS,7.05904647646368,7.27940794590105,3.86876017137378,9.03645424482606,6.38540927082227,7.73576138413985,6.82473507896306,5.7689710655619,6.00052600864501,6.6204037968306,7.02943634908589,6.41330674313925,7.259175691336,8.27167782462644,8.01311941176138,7.53857281945099,7.03571355665957,7.25236847121218,6.67557886823388,7.12390494963595,9.05272982472942,9.42035430772259,7.60968270162801,11.4218215925107,13.547584918489,12.2479596662611,8.81658867805845,9.4599432176942,10.8882167136928,8.92960968014427,8.19999001540815,8.67697309491424,10.8682492540862,10.5032702366843,9.66505138718782,7.52887503847073,6.73020968312685,6.98364957530895,7.03050033871807,9.5648982609794,10.1880480043795,12.37171066993,14.2305902713775,15.1807837086861,16.5457615119353,15.2438292665623,14.3743163008972,13.327675103099,13.5340005119683,10.8513711314233,10.8655847746965,11.5825153248769,11.8775598368351,11.7422306432624,11.0119428207843,12.9001914177405,12.4666790443888,12.5230753666957,14.8896998937494,14.3224188515098
Brazil,BRA,Exports of goods and services (annual % growth),NE.EXP.GNFS.KD.ZG,..,5.19408591869809,-7.40697094349359,27.9999537191722,-13.5418615762703,3.61684823505183,11.6278405073585,-3.12525758857456,16.1294540855561,19.4444019882985,6.20138116360849,5.50997854279788,24.1631690075453,14.2547720490322,2.33378584565473,11.5724228410492,-0.320630555299374,-0.354325244386601,13.2517454645674,9.29982291777516,22.6142541785447,21.3202534298358,-9.19107943894623,14.3320590797795,21.9546118885069,7.02670593572654,-10.580553429957,19.2353035723203,13.07895439701,5.08551534505328,-4.92185434886861,10.6327441290596,16.5473190861741,11.6803320940072,4.00828113415726,-2.03287997888849,-0.421250558667836,11.019288736693,4.90820527308593,5.70628959122543,12.860549374637,9.23052690478082,6.47682195033849,11.0159393908978,14.4737797219511,9.6441897415736,4.83742790508219,6.176101667392,0.409250958073997,-9.24706647169667,11.7217215440282,4.81098128937521,0.708513473564238,1.82931533165575,-1.56845186711504,6.81884981533692,0.863458277704709,4.90890639813,3.99943790572814,-2.53654288549961
Brazil,BRA,"Exports of goods and services (BoP, current US$)",BX.GSR.GNFS.CD,..,..,..,..,..,..,..,..,..,..,..,..,..,..,..,9552000000,10979000000,13130000000,13823000000,16719000000,21869000000,25541000000,21982000000,23622000000,28949000000,27720000000,24164000000,28162000000,36052000000,37507000000,35170000000,34938000000,39881000000,43595000000,49010000000,52641000000,52506000000,59178000000,58767000000,54563000000,63716723040.9693,66517202823.9496,68943055575.7244,82570023303.5733,107984756804.627,133005199276.194,156303207937.529,184603323407.868,228392969446.029,180723090100,231995637790.95,292487960972.715,281099514398.14,279587813724.59,264063098515.125,223884769813.385,217614808716.85,252547100285.24,274976544272.16,259792130706.455
Brazil,BRA,Exports of goods and services (current US$),NE.EXP.GNFS.CD,1070544628.54537,1109152823.34559,770900519.674771,2080325261.99351,1354466134.88626,1685625122.1861,1846958711.61305,1764834054.99797,2032731102.64928,2479930321.58748,2975391707.00149,3155632739.4951,4249449495.7691,6557708237.89377,8424673828.03794,9325921437.05926,10741988183.0392,12776590678.7557,13404621904.9098,16026612550.3001,21276141967.6084,24828388398.9376,21435129573.2899,23221079048.8769,28317692072.5525,27305943051.3526,23640556197.1808,27820190044.6057,35974382968.3631,38004000000,37880000000,52310000000,43538125000,45983167701.8634,53941811356.1708,57920041189.9313,57235482141.0805,61679566883.1169,60724077380.4395,57330907863.5587,66774569991.801,69203919564.6629,72286060356.887,84757339584.0104,110743537333.333,135918581909.3,159215718705.466,186198863078.424,229512905442.251,180894503551.065,240006821282.401,303021879483.501,292804259894.527,290362691897.407,270452613684.658,232489103970.663,223864176667.717,258329886570.157,280742690897.148,263497852452.782
Brazil,BRA,"Service exports (BoP, current US$)",BX.GSR.NFSV.CD,..,..,..,..,..,..,..,..,..,..,..,..,..,..,..,1060000000,1018000000,1207000000,1350000000,1475000000,1737000000,2265000000,1809000000,1724000000,1947000000,2086000000,1816000000,1952000000,2279000000,3132000000,3762000000,3319000000,4088000000,3971000000,4908000000,6135000000,4760000000,6187000000,7646000000,6300000000,8436715503.96932,8317111823.94955,8593201575.72443,9577449216.57317,11744117551.6266,14975857163.1938,18495034406.5288,23954250577.8683,30450526537.0293,27728347800,30671530553.01,36982138707.48,38816271714.91,38010528550.49,39965341779.91,33807894904.71,33300291480.39,34478386936.65,35439502074.21,33971562004.12
Brazil,BRA,"Goods exports (BoP, current US$)",BX.GSR.MRCH.CD,..,..,..,..,..,..,..,..,..,..,..,..,..,..,..,8492000000,9961000000,11923000000,12473000000,15244000000,20132000000,23276000000,20173000000,21898000000,27002000000,25634000000,22348000000,26210000000,33773000000,34375000000,31408000000,31619000000,35793000000,39624000000,44102000000,46506000000,47746000000,52991000000,51121000000,48263000000,55280007537,58200091000,60349854000,72992574087,96240639253,118029342113,137808173531,160649072830,197942442909,152994742300,201324107237.94,255505822265.235,242283242683.23,241577285174.1,224097756735.215,190076874908.675,184314517236.46,218068713348.59,239537042197.95,225820568702.335
Brazil,BRA,GDP growth (annual %),NY.GDP.MKTP.KD.ZG,..,10.275911554301,5.21605942017898,0.874672592408302,3.4855823042772,3.05348789366924,4.15036023303348,4.91526567501124,11.4272823832672,9.73582688991279,8.76994747172604,11.2950868433502,12.0528022500388,13.9786916510762,9.04212031316945,5.20907590114368,9.79041016147646,4.60631806113751,3.23170956333574,6.76628496532688,9.11096015517168,-4.39335720034877,0.58024555339469,-3.40979347371638,5.26914314976867,7.94586174871237,7.98829510486274,3.59962946680869,-0.102672718383729,3.27945885796423,-3.10235594875007,1.51193723815426,-0.466913211737747,4.66516899045995,5.3345517016817,4.41673135543735,2.20753552677458,3.39484598484417,0.338097902952455,0.467937567378257,4.38794944267383,1.38989640325894,3.05346185795254,1.14082899810009,5.75996463871775,3.20213137990235,3.96198872184989,6.06987060771837,5.09419544732717,-0.125811999414864,7.52822583005563,3.97442540583816,1.92115031836302,3.00484630505706,0.503955740242247,-3.54576339269425,-3.27591690782192,1.32286905404399,1.31722399870793,1.13658557200958
Brazil,BRA,"GDP per capita, PPP (current international $)",NY.GDP.PCAP.PP.CD,..,..,..,..,..,..,..,..,..,..,..,..,..,..,..,..,..,..,..,..,..,..,..,..,..,..,..,..,..,..,6701.20904431983,6909.92174583214,6915.3127018945,7287.07540308775,7712.67167399525,8090.89000017257,8288.17894975527,8582.0677464321,8575.87351669118,8611.90022971288,9060.78639942992,9260.76595917983,9568.06384730739,9733.77081647566,10445.3445102854,10988.9586831226,11642.44394693,12549.9279757162,13312.7634157633,13269.1185715791,14299.5516973717,15040.0581828206,15046.2898798158,15588.7262064568,15718.5656477083,14744.1129133865,14256.1632471211,14519.8491302518,14940.6726059252,15258.8508327006
Mexico,MEX,Imports of goods and services (% of GDP),NE.IMP.GNFS.ZS,11.6636809815951,10.6152542372881,10.1087368421053,9.95358490566038,9.85342629482072,9.52267399267399,9.01384868421053,9.0094578313253,9.35365122615804,9.27098522167488,9.65768018018018,8.71928571428571,8.82991150442478,9.46480463096961,10.5724444444444,9.62009090909091,9.86724288840263,10.2221957815035,11.0397689345315,12.4509550195567,12.2919995532194,12.2557065163291,9.70714773923614,8.98106728574283,9.10527444882818,9.76497749918627,12.9240426630228,12.7257538385261,18.6942808014862,19.1974507744512,19.8152253641579,19.3531451238152,20.296751461137,15.5466135375702,17.3271134686379,22.1718259021634,24.4141851124452,24.4444313377596,26.4016888577762,25.9853213927583,27.0259648121425,24.4993518433345,24.1454248345598,25.8452487673265,30.0099345411998,31.9813312469631,28.7675627378746,29.2680434728356,30.0755351025349,28.812770431946,31.0626537010206,32.4329707808025,33.5016780596676,32.4592236648864,33.0710346706746,36.6029836070363,39.0373053909504,39.5042984417504,41.1590154688671,39.1147840831735
Mexico,MEX,Imports of goods and services (annual % growth),NE.IMP.GNFS.KD.ZG,..,-1.17440659755447,1.73772016868399,10.3890266566785,15.2902780196851,31.8471809491697,7.76198219767394,-0.381564610011907,6.18235801368378,-0.15472950813178,7.67611418816479,-4.28990681595477,15.4380958712293,20.7945227206427,17.8221906017644,-3.90777918047873,-6.06088425995148,-18.2575579471431,22.0145336443666,29.4514633690112,37.1844545164654,17.7213552892488,-37.8519901863853,-33.79094979967,17.8072439263148,10.9835322556277,-7.58235774571199,5.14066872882621,36.7189688988511,21.2573009529665,19.7447923268688,16.7784050816137,20.8611572772428,-1.25003125339778,17.7445792908981,-15.9422352656217,17.4779571514083,23.1131362600505,14.8042756890109,11.5134035145451,20.2965316439927,-0.841021617091712,1.20780330483134,2.51063650041795,12.2111011150825,8.68559924118844,0,4.82642303574745,3.28147656335898,-15.9489853900859,17.0553108246545,5.61802980752353,5.41656497429854,2.11830862277496,5.91857566982728,5.91928579708406,2.84886351845101,6.36964369029884,5.87854789006208,-1.0884263104065
Mexico,MEX,"Imports of goods and services (BoP, current US$)",BM.GSR.GNFS.CD,..,..,..,..,..,..,..,..,..,..,..,..,..,..,..,..,..,..,..,17032000000,25854000000,33444000000,21101000000,13502000000,17402000000,20058000000,17627000000,18616000000,26554000000,33318000000,41594000000,49143000000,60152000000,60970000000,71922410000,55989580000,68934993000,85126414000,138381038000,156446137000,191817882000,185590189335,186721922450.81,189075647987,217684234716.549,245099525081,280341433017,308068612808,336004050035,260007417045,328707852420,382622799589,402448584391,413790281425,434921156335,428255272061,420553967702,458300662104,502540805208,492222038776
Mexico,MEX,Imports of goods and services (current US$),NE.IMP.GNFS.CD,1520944000,1503120000,1536528000,1688128000,1978568000,2079752000,2192168000,2392912000,2746232000,3011216000,3430408000,3417960000,3991120000,5232144000,7612160000,8465680000,8784409090.90909,8363203539.82301,11315763157.8947,16754179824.5614,25215695652.1739,32350081632.6531,17920283687.9433,14024762697.7519,16777514898.6889,19063168548.0732,17389311866.6231,18775671165.2881,33950973120.4083,42503284582.5716,51767986204.9349,60602974423.5357,73709195127.4678,77847500962.8964,91454798672.6319,79834960276.6614,100336342605.995,122323230283.513,139005454028.021,155972441425.045,191318627691.527,185388139002.173,186428365368.683,188498786171.1,234749892610.314,280628576973.545,280595105053.582,308103605534.306,333835150453.292,259328000666.001,328581153292.181,382867847673.324,402385300656.821,413674331349.828,434739905435.396,428461575941.899,420784527247.497,457355559665.02,502427887738.187,492176132550.51
Mexico,MEX,"Service imports (BoP, current US$)",BM.GSR.NFSV.CD,..,..,..,..,..,..,..,..,..,..,..,..,..,..,..,..,..,..,..,4901000000,6514000000,8489000000,6066000000,4477000000,5235000000,5524000000,5194000000,5310000000,6281000000,7880000000,10323000000,10959000000,11959000000,12046000000,13042610000,9715380000,9970993000,11650614000,12842726238,14294937766,17056655990,16929175335,17809092101.8095,18297761984,20546819963.5493,22804156494,23710156017,25464238680,26502761551,25106827453,26905169699,31413659456,31298000207,32152067501,34474474398,32680054725,33179025051,37510658091,37690939966,36394419178
Mexico,MEX,"Goods imports (BoP, current US$)",BM.GSR.MRCH.CD,..,..,..,..,..,..,..,..,..,..,..,..,..,..,..,..,..,..,..,12131000000,19340000000,24955000000,15035000000,9025000000,12167000000,14534000000,12433000000,13306000000,20273000000,25438000000,31271000000,38184000000,48193000000,48924000000,58879800000,46274200000,58964000000,73475800000,125538311762,142151199234,174761226010,168661014000,168912830349,170777886003,197137414753,222295368587,256631277000,282604374128,309501288484,234900589592,301802682721,351209140133,371150584184,381638213924,400446681937,395575217336,387374942651,420790004013,464849865242,455827619598
Mexico,MEX,Exports of goods and services (% of GDP),NE.EXP.GNFS.ZS,8.50552147239264,8.41248587570621,8.5691052631579,8.32014150943396,7.63306772908367,7.63424908424908,7.4710197368421,6.86774096385542,7.03792915531335,7.54647783251231,7.75461711711712,7.64040816326531,8.06017699115044,8.41201157742402,8.40866666666667,6.89445454545455,8.48983223924143,10.3190914007572,10.4709713307659,11.1891623207301,10.1426200972023,9.86156842726433,14.4268658825073,18.1150347501194,16.5671428958152,14.5663148904797,16.682179926956,18.5365670042589,20.0960561464169,19.1321993029959,18.7044710491717,16.4333900336043,15.256744442975,12.2812976454281,13.3828583816104,24.1491933924023,26.0050149675925,24.3329303395345,24.5944327690014,24.6326500515211,25.4067169365962,22.6667211742494,22.5524898738313,24.3604406878698,28.4143869492689,30.3777925808112,27.3251618939287,27.527235888679,27.7014958270789,27.1549993271981,29.6976647689721,31.0367071399496,32.2655677637235,31.3056529459396,31.8925445226212,34.5633308736609,37.0629709267807,37.6898409603478,39.2893057052491,39.0611874857464
Mexico,MEX,Exports of goods and services (annual % growth),NE.EXP.GNFS.KD.ZG,..,8.84211608345005,6.2075569258689,2.71480014603884,6.89906935004242,51.7682641916558,9.6305700405709,-5.39804388691675,5.0078138742375,12.3311975563472,4.27549571642946,2.84653845955789,13.9416143150747,10.9127810756867,-0.219106035418562,2.2701935741197,7.2752239966009,18.2172895466666,22.7624367171488,18.699475316251,22.2019637203303,11.3676731793962,22.558401350971,14.2228346155321,5.75344301846326,-4.46134347275016,4.49058105598215,9.49025582428791,5.76298701298686,2.26948799473732,3.64493996569499,4.5847124499558,1.68376808223407,3.73729514306174,8.79517180208143,20.1979645477621,15.4479318991864,9.38522168313418,7.39570033773032,5.43022591693413,11.5665820573748,-0.521305664539867,0.396122885664042,1.90668319133329,16.8080779575818,7.81145674917593,0,1.97405885381001,-1.01744059041093,-10.8549471888127,22.3624087126253,7.71347602714212,6.52453697383723,1.37052224964924,6.98245163013868,8.41438359885755,3.58427042293586,4.16004852212741,5.9401919842784,1.14148480362677
Mexico,MEX,"Exports of goods and services (BoP, current US$)",BX.GSR.GNFS.CD,..,..,..,..,..,..,..,..,..,..,..,..,..,..,..,..,..,..,..,15181000000,20875000000,26061000000,26218000000,27217000000,30192000000,27741000000,22043000000,27529000000,28968000000,33051000000,38484000000,39774000000,41534000000,44960000000,50737270000,63142290000,75370878000,84319218000,129200335000,148095816000,179876114959,171480742850,173823699980.709,177422936925,202000020494.111,230368761650,266331401847,289829157833,309858836925,245084582127,314349098491,365827163734,387834595992,398822705946,418833761864,403879943672,398518334911,437449156402,479820748669,491674166850
Mexico,MEX,Exports of goods and services (current US$),NE.EXP.GNFS.CD,1109120000,1191208000,1302504000,1411096000,1532720000,1667320000,1816952000,1824072000,2066336000,2451096000,2754440000,2995040000,3643200000,4650160000,6054240000,6067120000,7558155844.15584,8442477876.1062,10732745614.0351,15056293859.6491,20806478260.8696,26030530612.2449,26633315602.8369,28288293089.0924,30526865315.8522,28436329311.016,22445889179.4704,27348987810.1872,36496759051.5156,42358817387.7717,48866100760.8618,51459972501.9878,55406026689.0691,61496886634.9981,70636498177.8318,86954944698.8815,106874265073.558,121765264254.594,129490212237.303,147853263357.182,179855862769.153,171520507262.666,174129212924.606,177669541570.118,222268871522.24,266557906477.395,266526112833.969,289778188814.26,307483574130.48,244407308913.309,314142282684.394,366385100577.141,387538503663.769,398972729094.895,419247898589.43,404586122675.618,399503104623.314,436348928750.693,479604350379.073,491501733684.254
Mexico,MEX,"Service exports (BoP, current US$)",BX.GSR.NFSV.CD,..,..,..,..,..,..,..,..,..,..,..,..,..,..,..,..,..,..,..,5880000000,5364000000,5960000000,4988000000,4905000000,5996000000,6077000000,5885000000,7034000000,8421000000,10209000000,11646000000,12919000000,14018000000,14929000000,16124310000,14704000000,16582678000,19455818000,11462636360,11535687160,13480171279,12445653030,12545829940.7087,12436867265,13705925060.1105,15735902250,16012359221,17536163285,17972536208,15109542689,15489275311,15823110281,16392769673,18093732052,21182302176,22903318967,24213162696,27642937102,28766692917,30222875433
Mexico,MEX,"Goods exports (BoP, current US$)",BX.GSR.MRCH.CD,..,..,..,..,..,..,..,..,..,..,..,..,..,..,..,..,..,..,..,9301000000,15511000000,20101000000,21230000000,22312000000,24196000000,21664000000,16158000000,20495000000,20547000000,22842000000,26838000000,26855000000,27516000000,30031000000,34612960000,48438290000,58788200000,64863400000,117737698640,136560128840,166395943680,159035089820,161277870040,164986069660,188294095434,214632859400,250319042626,272292994548,291886300717,229975039438,298859823180,350004053453,371441826319,380728973894,397651459688,380976624705,374305172215,409806219300,451054055752,461451291417
Mexico,MEX,GDP growth (annual %),NY.GDP.MKTP.KD.ZG,..,5.0000000024334,4.66441466819312,8.10688692769648,11.9054807682312,7.09999999585864,6.09613930404728,5.85492487760943,9.42327881833562,3.41862002555953,6.5024840333226,3.76246768583204,8.22880731164975,7.86111986077987,5.77682722978703,5.74448504962173,4.4174441350436,3.39063970677674,8.95694232825602,9.69817013786907,9.23325198388645,8.52560666281634,-0.520808041863248,-3.48642180362442,3.41081413532642,2.18769311647023,-3.07895537526313,1.72243931164817,1.28326099740492,4.10550933059433,5.17576838619527,4.21475483867759,3.54110241594962,1.94115584773009,4.94108067568743,-6.29123082110115,6.77325869445045,6.8468522786243,5.16392516795146,2.75355424748236,4.94245371467422,-0.404390126692846,-0.0398444814685348,1.44638268370363,3.92059081028791,2.30780706591736,4.49507789421408,2.29144571429802,1.14358458719398,-5.28574413681748,5.11811814321162,3.66300792950094,3.64232267941347,1.35409196151679,2.80434012838097,3.28799159933094,2.91054645929347,2.11808234691182,2.13595812119722,-0.145602324756538
Mexico,MEX,"GDP per capita, PPP (current international $)",NY.GDP.PCAP.PP.CD,..,..,..,..,..,..,..,..,..,..,..,..,..,..,..,..,..,..,..,..,..,..,..,..,..,..,..,..,..,..,8081.83606131342,8559.90013402116,8936.04791187761,8555.64055999882,9014.38191451934,8482.61306248597,9076.08773481945,9712.09127072346,10173.1654332903,10448.8234029556,11089.8134294426,11129.8689578182,11187.4776219579,11482.4495877714,12085.7600661914,12657.6371945575,13808.177624733,14290.0672372946,14924.8217487322,14558.2448127429,15260.6205539571,16520.2585085371,17162.9275170326,17373.8970180913,18045.9844632038,18284.8828438085,19314.2573597382,19795.8684950156,20396.4777131565,20410.7065693914
Argentina,ARG,Imports of goods and services (% of GDP),NE.IMP.GNFS.ZS,7.60404697912324,5.99494531619397,9.38368289056535,7.89045203275027,5.56371407476368,4.15058297228058,4.98968803354159,4.99706414666865,5.40371142251908,6.3987133165299,4.73587740491927,6.60795603425504,6.837877358188,5.70950079036544,6.28900906002225,5.97867249611964,5.92149632801213,7.32639415527493,5.71540643432856,6.32976917431398,6.48369977949523,7.37192799858578,6.52099302139343,5.83614942003836,4.75648611743286,6.27332704995288,6.32405524784407,7.57576406955165,6.21184563577101,6.57938879331971,4.63132240741775,6.07801081056698,8.13279311431564,9.31379991407563,10.6043971410814,10.0910128307854,11.0778716497076,12.7753287418177,12.934446011977,11.5555704475475,11.6360695451767,10.2732473690136,13.370127359396,14.7138051046861,16.8450266849578,17.3053942367663,17.4067852681036,18.2824203070644,18.341772996414,14.4961418494061,16.0371898581987,16.7569458546489,14.2886829096862,14.7167556136651,14.0013150558519,11.7805740385254,13.5667926798789,13.9806106427674,16.4199284119137,15.1034479703979
Argentina,ARG,Imports of goods and services (annual % growth),NE.IMP.GNFS.KD.ZG,..,18.1768928497726,0,-23.0833969136606,20.0123928703162,0,-8.3311443548433,0,9.0883040878055,24.9935976844081,-18.8438087839553,11.9137297793168,-4.86976492712201,-1.30953730911162,5.42829773325006,1.83050585621683,-21.0110921858386,37.1267218648936,-5.18691038827244,54.5944843607437,46.3562293222688,-8.23892425049402,-42.5799726984968,-6.92372572483816,4.70511137819443,-13.0379296481505,17.867442139956,11.4851676937702,-9.2080451755959,-16.5166879580784,-1.89991697919132,80.0556990474796,65.6839613860558,14.8066091309041,21.1310333497864,-9.80663011567775,17.5290909051155,26.8715531069703,8.41392863721396,-11.2667692103577,-0.157568634686129,-13.9465820702143,-50.0595539300904,37.5653715502142,40.1217800343765,15.8482318854853,10.9918629108731,19.6402842987955,13.5621869851115,-18.4164393852693,35.2044173407524,22.0286165849992,-4.7282632161405,3.88288097811898,-11.4799949143499,4.71131880744483,5.82416303132337,15.3561987365489,-4.73314838717472,-18.7275407225788
Argentina,ARG,"Imports of goods and services (BoP, current US$)",BM.GSR.GNFS.CD,..,..,..,..,..,..,..,..,..,..,..,..,..,..,..,..,3507000000,4766000000,5032000000,8842000000,13182000000,11865000000,6877000000,6343000000,6407000000,5705000000,6906000000,7909000000,7594000000,6657000000,6846000000,11566000000,19319500000,21975400000,27273600000,26035117000,30212204066.2181,37511586708.7859,38797517536.8013,32903076780.5168,33068803786.7906,27594942433.1669,13337220000,18724510000,27823640000,34796990000,41261872519.761,53551718519.8869,68242684098.4796,49682786813.2391,68779495712.0305,88418247225.6699,83387067666.9896,90301801003.8742,80936630075.2277,76622786928.8407,75420138818.6909,89328005935.3091,86736858479.2543,66294302105.4377
Argentina,ARG,Imports of goods and services (current US$),NE.IMP.GNFS.CD,..,..,2294367226.53985,1441753153.10994,1424602863.7313,1176470539.39431,1428571371.44429,1212121237.48041,1428571474.83812,2000000041.3448,1495789482.224,2199999958.62685,2374999979.49003,3000000101.96424,4555555489.85516,3135135020.645,3030000057.09425,4159999872.70227,3319672098.15378,4383512570.58549,4989980079.95196,5800000170.81341,5497685333.13496,6068376037.18012,3762000095.03612,5546666806.78726,7015555449.2007,8417142923.96163,7839772666.04089,5042239480.95944,6546483925.69926,11531201153.6445,18606904906.1175,22049649649.6496,27299960000,26038017000,30148400000,37413700000,38667300000,32762700000,33070146000,27603881800,13065823829.1753,18772898618.6064,27736672323.6712,34392237786.5721,40480743015.8524,52567536062.3157,66316154417.0834,48268743529.5373,67937933972.3653,88839174034.695,78013690406.706,81240190816.9153,73691675720.0984,70064879911.7042,75639125936.7673,89852806468.7521,85362531386.3677,67914684752.606
Argentina,ARG,"Service imports (BoP, current US$)",BM.GSR.NFSV.CD,..,..,..,..,..,..,..,..,..,..,..,..,..,..,..,..,742000000,967000000,1544000000,2814000000,3788000000,3434000000,2018000000,2224000000,2289000000,2187000000,2500000000,2566000000,2702000000,2793000000,3120000000,4007000000,5524700000,6342900000,7111400000,7230800000,7929004066.21809,8958086708.78594,9266617536.80135,8799876780.51682,9179703786.79057,8437142433.16695,4864120000,5590310000,6512540000,7496890000,8673972519.7611,11027218519.887,13646484098.4796,12536652813.239,14620732010.5205,17649469312.4599,18344325453.5296,19008807883.7141,18037663981.1276,19028557043.2207,21876362069.761,25219069275.989,24192628162.7744,19365963838.9279
Argentina,ARG,"Goods imports (BoP, current US$)",BM.GSR.MRCH.CD,..,..,..,..,..,..,..,..,..,..,..,..,..,..,..,..,2765000000,3799000000,3488000000,6028000000,9394000000,8431000000,4859000000,4119000000,4118000000,3518000000,4406000000,5343000000,4892000000,3864000000,3726000000,7559000000,13794800000,15632500000,20162200000,18804317000,22283200000,28553500000,29530900000,24103200000,23889100000,19157800000,8473100000,13134200000,21311100000,27300100000,32587900000,42524500000,54596200000,37146134000,54158763701.51,70768777913.21,65042742213.46,71292993120.16,62898966094.1,57594229885.62,53543776748.93,64108936659.32,62544230316.48,46928338266.5098
Argentina,ARG,Exports of goods and services (% of GDP),NE.EXP.GNFS.ZS,7.60404910825644,5.9949469947787,4.69184275899831,7.89045420262462,5.56371560478508,6.22587443766796,6.65291738359955,7.4955962262493,6.48445346277515,6.3987133165299,5.601566676004,6.00723288128889,7.19776583908352,7.61266772119213,6.9025707976099,5.82405179865594,9.17538829665278,9.6158924127723,8.6083899381245,6.51091546668746,5.06197268096631,6.9210494803617,9.09049307859512,9.15152068682071,7.5898953117888,11.7360980207352,8.16197754429543,7.87320581340031,9.53161297293404,13.0584089085641,10.3595365925264,7.67504334832217,6.5981874720374,6.90935153370832,7.52994872591672,9.68041025959015,10.4285967560139,10.5608501019262,10.4155819610919,9.82717451494235,10.9863752325576,11.5790080825317,28.3825969991682,25.9309429264225,23.8476194239892,23.2458767338576,23.0266946038115,22.6627503115066,22.0609003826242,19.5609850560818,18.9338234053709,18.4492091453155,16.2378594620246,14.6171733884386,14.4054785893756,10.7056520504538,12.5270951690009,11.2427213207093,14.2805176122688,17.2902179929723
Argentina,ARG,Exports of goods and services (annual % growth),NE.EXP.GNFS.KD.ZG,..,-10.6385917324185,45.2384632307518,0,-8.19666133346863,8.92850026211178,16.3934313399595,0,-7.04215598990002,21.2120723773064,1.20010411646565,-9.93094420500098,2.02958608650034,13.9785899881347,0.235738441880713,-9.29415852300485,31.5176565533255,27.3177719358366,8.9072699166941,-3.20050013642071,-5.14286240432101,5.20390651001412,3.9465524073121,2.5826058480656,-2.59149777072456,15.5540238462486,-10.2703411870149,-3.48199917102008,18.719565609266,7.43032372122919,18.011603252985,-3.62414436007069,-1.02969443918937,3.98319867911239,15.2955689817863,22.5281446861923,7.64679488927658,12.1774408238905,10.6233930631356,-1.26027793880731,2.70239130860455,2.74099076017254,3.09295518587496,5.99536820219666,8.11415798951982,12.8868304227088,5.56120323520517,8.16445191719141,0.73987446873889,-9.3471064312958,13.8969136234784,4.14881478412255,-4.10831132628211,-3.52024034290046,-6.97916743435547,-2.77737294006697,5.31735410754007,1.7170977828022,-0.657475361771446,9.4034484232002
Argentina,ARG,"Exports of goods and services (BoP, current US$)",BX.GSR.GNFS.CD,..,..,..,..,..,..,..,..,..,..,..,..,..,..,..,..,4632000000,6602000000,7488000000,9179000000,9897000000,10859000000,9197000000,9290000000,9611000000,10047000000,8449000000,8154000000,11149000000,11766000000,14800000000,14386000000,15366200000,16286160000,19355700000,24956432000,28424754642.4929,31003771471.3552,31255969562.6126,27997318724.6817,31236920314.834,31116753076.8311,29054500000,34336010000,39757250000,46892210000,54528515092.9204,66122298496.1757,81583621071.7764,66335605323.6348,81123016360.6088,97616690275.3835,94330755729.5577,89608120129.4452,81836807734.7264,70022565842.9763,71384640574.7552,74168131601.1446,76807312733.2336,79338556506.4867
Argentina,ARG,Exports of goods and services (current US$),NE.EXP.GNFS.CD,..,..,1147183934.48134,1441753549.59206,1424603255.4971,1764705803.20912,1904761830.17968,1818181857.73576,1714285705.23432,2000000041.3448,1769210602.71535,2000000003.29714,2500000047.48951,4000000136.32269,4999999839.57003,3054054017.48759,4695000304.43367,5459999880.60299,4999999950.3057,4508960596.86682,3895791554.56352,5445263189.7662,7663966255.62989,9515669466.75192,6003000151.64854,10376666928.8033,9054444307.18032,8747619117.06127,12029545360.5898,10007559520.4417,14643450361.4013,14561091033.0362,15095901877.6499,16357317317.3173,19385100000,24978532000,28381400000,30928400000,31137200000,27862300000,31223690400,31112418400,27736610298.2555,33084505277.8061,39266996605.7973,46198180131.0044,53550250227.3909,65162321195.025,79762958392.3012,65133480388.4946,80208867995.7171,97810932629.3764,88655850853.7721,80690471898.442,75818867911.0825,63671789068.8987,69842486095.8653,72256505014.2791,74240343947.3216,77747790213.0726
Argentina,ARG,"Service exports (BoP, current US$)",BX.GSR.NFSV.CD,..,..,..,..,..,..,..,..,..,..,..,..,..,..,..,..,714000000,951000000,1087000000,1369000000,1876000000,1716000000,1574000000,1455000000,1511000000,1651000000,1597000000,1794000000,2015000000,2193000000,2446000000,2408000000,2968800000,3023560000,3329000000,3814600000,4390154642.49289,4582871471.35522,4847269562.61265,4709518724.6817,4899720314.83402,4588753076.83113,3420200000,4385610000,5168450000,6458060000,7911015092.92039,10045736496.1757,11424149071.7763,10544621323.6348,12817143360.6088,14496981275.3835,14247100729.5577,13679891768.3754,13396371827.7264,13213512349.9764,13424706884.2252,15506258049.7046,15008575567.4235,14183356654.1568
Argentina,ARG,"Goods exports (BoP, current US$)",BX.GSR.MRCH.CD,..,..,..,..,..,..,..,..,..,..,..,..,..,..,..,..,3918000000,5651000000,6401000000,7810000000,8021000000,9143000000,7623000000,7835000000,8100000000,8396000000,6852000000,6360000000,9134000000,9573000000,12354000000,11978000000,12397400000,13262600000,16026700000,21141832000,24034600000,26420900000,26408700000,23287800000,26337200000,26528000000,25634300000,29950400000,34588800000,40434150000,46617500000,56076562000,70159472000,55790984000,68305873000,83119709000,80083655000,75928228361.0699,68440435907,56809053493,57959933690.53,58661873551.44,61798737165.81,65155199852.3299
Argentina,ARG,GDP growth (annual %),NY.GDP.MKTP.KD.ZG,..,5.42784287951248,-0.852021523481966,-5.30819682651727,10.1302976614338,10.5694333403429,-0.659726171593704,3.1919966233703,4.82250078158646,9.67952600806899,3.04564331900328,5.65813108318036,1.62841651625511,2.81175404095775,5.53380439483222,-0.0284121027670921,-2.01825151667566,6.93414775537975,-4.50612480247693,10.2227634648727,1.51878394940456,-5.18978914005386,-0.735659161627297,4.34909327957422,1.57073870223007,-5.18902435215529,6.15337706274559,2.70486882600891,-1.08993334173134,-7.15694965554972,-2.46721377637459,9.13311056620103,7.93729155643075,8.20697907221228,5.83620070368526,-2.84520961057081,5.52668982715234,8.1110467707457,3.85017885156229,-3.3854570406327,-0.78899893905691,-4.40883968258557,-10.8944848285903,8.83704079576924,9.02957330068155,8.85165992013435,8.04715150043027,9.00765087504757,4.05723310346406,-5.91852507634947,10.1253981561002,6.00395169280579,-1.02642045443208,2.40532378079436,-2.51261532081396,2.73115982828946,-2.08032784377811,2.66859037935303,-2.48179244509274,-2.16295212091666
Argentina,ARG,"GDP per capita, PPP (current international $)",NY.GDP.PCAP.PP.CD,..,..,..,..,..,..,..,..,..,..,..,..,..,..,..,..,..,..,..,..,..,..,..,..,..,..,..,..,..,..,7195.69144377812,8005.4655575167,8719.10168164016,9532.88869606659,10175.1251212887,9969.60059844667,10586.1105736035,11507.8983269261,11949.4160206482,11581.8905137394,11618.7960696298,11226.8773367333,10052.4866553529,11025.1855198907,12214.7400764607,13568.7667630743,14951.7281901133,16570.0111669312,17404.0687079209,16334.7400060071,18061.9343590895,19322.2271236942,19641.3528638347,20131.6804246983,19683.7715056442,20105.1989918165,20307.870052142,23562.9188342608,23282.6370416077,22947.1397952874
Chile,CHL,Imports of goods and services (% of GDP),NE.IMP.GNFS.ZS,15.83330939306,15.5246800717062,12.7979458830488,14.7693598376123,13.2268142340591,12.6540020579964,13.404594746694,12.9064691601439,13.0984840069904,14.0641273334661,13.9693084302997,12.0426022961421,13.1615917925493,15.387967150585,19.3037988446122,26.5716213896745,20.3068969582393,22.0214253681111,23.6573945517486,25.548069158749,26.4487468113574,26.2165434638297,21.2520891443833,21.3970607272027,24.4608395262252,24.33277328472,24.7335374802535,25.8490938805272,25.9810667555567,29.2729009482291,29.2511136987861,26.7932770783944,27.2922586227541,27.7283838874392,25.7517880317172,26.3409012685694,28.1224321282485,28.4761639081223,28.8000316091277,26.58113603009,28.7841219793074,30.744496097885,30.5897918658586,30.6572411088055,29.9312929643814,31.4569444002278,29.3035442987512,31.3384116080082,39.3656056799178,29.2964293060456,31.3186034536109,34.4437084746829,34.1499876806826,32.7740032218427,32.1618381164479,29.595926695772,27.5394136093454,27.2161650772848,28.7664089511225,28.5619042468245
Chile,CHL,Imports of goods and services (annual % growth),NE.IMP.GNFS.KD.ZG,..,11.7932530884628,-7.56234931479925,2.55693022711266,10.6245558894888,-2.11107467623381,36.1557755862816,-9.17512035892094,9.0623479903726,14.0657611079222,0.999673178266306,8.46836829830085,3.16685399453405,-5.35746344357301,3.41105938753618,-38.4593745713469,4.18745870427605,35.516496523322,17.4339434101845,22.7948821443126,18.8864748398306,15.8232075714035,-35.083806152023,-18.3765051977782,12.8914692928147,-9.78057367632252,7.91384235151071,18.6097881317012,12.7932850306216,25.0384219369113,5.80878723038127,6.95242327019159,21.8078492487794,14.1813858516212,10.1190344105356,24.9810403575037,11.8329533979863,13.2381938729138,6.79793223119398,-9.7197239020488,10.3352128228722,5.28017659053401,1.83358795201103,5.68404429318403,19.3335592738267,18.4649542682504,11.8093804582922,13.7968640564357,11.5355090807368,-16.6153095628212,25.6576785893803,15.1810498015623,5.18265620045125,1.9753034099009,-6.51750534545742,-1.09930024353133,0.871552745343138,4.56426945142393,7.91122015106009,-2.31405168871068
Chile,CHL,"Imports of goods and services (BoP, current US$)",BM.GSR.GNFS.CD,..,..,..,..,..,..,..,..,..,..,..,..,..,..,..,2055000000,1988000000,2885000000,3637000000,5238000000,7052000000,8293000000,5053000000,4081000000,4495000000,4000900000,4604500000,5493100000,6624700000,8590110000,9165510000,9549500000,11821400000,12929100000,13863000000,18301000000,21287349100,23325396406.5845,22766893603.3347,19341290986.2819,21893098891.2191,21410882510.1621,20881247720.4132,22858856965.5523,29191102180.5153,38199183140.3053,44741515439.5359,53930762623.8352,70086728553.8391,50221169301.7424,67820076191.149,86030813929.6276,90266300085.6329,90296283254.9155,83010183407.9858,71703845980.3109,68694537066.9799,75089622265.1627,85052317930.8632,..
Chile,CHL,Imports of goods and services (current US$),NE.IMP.GNFS.CD,650749016.054765,715645411.269094,693171652.514696,837155008.145563,791274033.791796,762605297.152084,948058867.3756,905155989.003169,938779738.767096,1178165029.6336,1274882355.11863,1310730653.2918,1560151045.87302,2590758338.71631,3129223815.48834,2025346736.36243,2100124103.82112,3074828154.05362,3782801705.89987,5570423584.95189,7679845876.33946,9047297176.61233,5382281400.67755,4355576959.59105,4799834957.79674,4307602967.65657,4672424639.99667,5752821225.91213,6765529485.8378,8748407009.58385,9686180975.72378,10137181116.2018,12544703151.5803,13669475781.4781,14680688842.4009,19346618433.6013,21946625731.1956,24191173540.1016,23494325678.1594,19982048574.2364,22411585684.8134,21822419952.279,21332345471.8843,23190197866.0688,29694953337.3255,38680972557.1778,45358377418.1321,54405352884.0828,70715782094.3573,50503967542.8748,68442909063.8457,86884940756.2013,91222239391.7175,91237694284.4138,83794977253.9037,72190113685.0302,68969744994.9225,75401011000.7735,85798121554.1782,80635442457.6638
Chile,CHL,"Service imports (BoP, current US$)",BM.GSR.NFSV.CD,..,..,..,..,..,..,..,..,..,..,..,..,..,..,..,535000000,515000000,734000000,751000000,1048000000,1583000000,1780000000,1410000000,1236000000,1207000000,1080500000,1505400000,1498800000,1780400000,1994910000,2076310000,2093100000,2536000000,2740600000,2990900000,3657000000,3663534100,4103256406.58454,4478473603.33474,4659500986.28191,4864288891.21907,5054742510.1621,5138705998.59316,4990960803.89668,6326927264.22514,7525610333.13254,8258522310.88534,9452501030.90363,11631279250.1515,10079310823.6091,12604050439.5942,15365282654.059,14811667061.9525,15541781459.369,14411333968.7587,13094880115.7524,12839803476.0034,13589659504.6923,14269358752.8979,..
Chile,CHL,"Goods imports (BoP, current US$)",BM.GSR.MRCH.CD,..,..,..,..,..,..,..,..,..,..,..,..,..,..,..,1520000000,1473000000,2151000000,2886000000,4190000000,5469000000,6513000000,3643000000,2845000000,3288000000,2920400000,3099100000,3994300000,4844300000,6595200000,7089200000,7456400000,9285400000,10188500000,10872100000,14644000000,17623815000,19222140000,18288420000,14681790000,17028810000,16356140000,15742541721.82,17867896161.6556,22864174916.2902,30673572807.1728,36482993128.6506,44478261592.9314,58455449303.6875,40141858478.1332,55216025751.5549,70665531275.5687,75454633023.6806,74754501795.5464,68598849439.227,58608965864.5584,55854733590.9764,61499962760.4705,70782959177.9653,..
Chile,CHL,Exports of goods and services (% of GDP),NE.EXP.GNFS.ZS,13.0561786878124,11.4045154886266,11.3512091033145,12.2978637668483,12.2491437471045,13.2775042844486,14.3402501357152,14.0477045847952,13.6990014488283,16.0799401245229,14.3558047799315,10.8380301515187,9.5597493687947,13.3018744087482,19.5327787214027,24.1128153142796,23.9416391739873,19.7274876646806,19.8189986560312,22.1279608165745,21.671281222289,15.5428694487561,18.6131224395917,23.422974801953,22.8009637366801,26.251052426369,27.3201716654247,28.3439429739509,32.4734736122332,33.7000228267583,32.4945768184419,31.3010165986087,28.9617919307636,25.8806805087591,27.4632406830305,28.626252008487,26.6455426748618,26.4704496964644,25.5211320708257,28.7661310824037,30.5317001278369,32.3986301151979,32.8039336278624,35.6590455123686,39.8023703887306,40.1598164728269,43.7951067814933,45.069003891647,41.42416774923,37.0407736118743,37.7451125423707,37.7619574718629,34.1218587192481,32.1994733836873,33.110749721373,29.3763486014303,28.148627884864,28.4395004749103,28.5852377113437,28.1998845763045
Chile,CHL,Exports of goods and services (annual % growth),NE.EXP.GNFS.KD.ZG,..,4.94457618496662,2.60928358373558,5.26926591953077,9.22865975632796,-0.844559144624952,4.01002160927375,3.27059192016586,2.03168493075113,3.56540118564472,2.07314976157294,0.816095207881105,-15.0952230938311,2.79785749684251,45.9187833015157,2.35340749651523,24.3411992011593,11.8934417445467,11.1818800535754,14.1643094883566,14.3198087009211,-8.91072343884009,4.69752711141234,0.0293915840202033,2.26226316986956,12.3206714814807,10.0938331665228,6.74026828009428,11.5557020736078,16.1109933737941,8.61718288076393,12.4333856424482,13.92681611062,3.53420921583698,11.6276017339431,10.9836199025999,11.7849697561911,11.2403740788567,5.27563553101808,6.67140380408514,5.2964698827173,6.94224981192701,2.4074325466531,6.55882736783677,14.3911532887858,2.78427446404797,5.08740090429289,7.19072226408821,-0.62961719244251,-4.23793485288698,2.26047146085106,5.45614204580005,0.354324938900191,3.26671894577626,0.323747644522072,-1.70839525273092,0.503419297152405,-1.50328431103928,4.97365765210233,-2.31316819839638
Chile,CHL,"Exports of goods and services (BoP, current US$)",BX.GSR.GNFS.CD,..,..,..,..,..,..,..,..,..,..,..,..,..,..,..,1838000000,2413000000,2603000000,2941000000,4620000000,5968000000,5008000000,4642000000,4628000000,4314000000,4496620000,5232260000,6348000000,8144000000,9612650000,10220800000,11068200000,12367400000,11713400000,14444000000,19357900000,20214723966.8928,21762015598.1874,20274816280.1911,21031264413.6656,23293153568.7677,22410169061.2974,22565348603.4456,26728130243.0111,39052608176.4216,48965742072.4972,67117042788.2984,77583639412.993,75124029616.6046,63904282434.2356,81955505335.345,94349665630.582,90332359682.6782,88886685222.7328,85745722947.3996,71554937538.6425,70244163147.2208,79054215190.4016,85724982171.8487,..
Chile,CHL,Exports of goods and services (current US$),NE.EXP.GNFS.CD,536608944.069088,525717060.801627,614812442.87852,697065976.799525,732786384.66917,800181243.362563,1014234414.27814,985193067.05048,981819346.012696,1347031542.31512,1310155209.09861,1179623638.77507,1133195225.25019,2239538316.38582,3166342379.01505,1837931193.02324,2476026426.76916,2754528077.36706,3169044746.71835,4824713525.45742,6292627054.01682,5363825291.2401,4713939511.28918,4767971202.82819,4474125374.86451,4647193725.63029,5161066966.67965,6308060062.77162,8456167150.41737,10071482715.094,10760217714.584,11842675065.5747,13312092909.9785,12758599161.7389,15656361048.5982,21025141438.6168,20794067519.5867,22487271963.9408,20819483696.5826,21624592264.633,23772266321.3405,22996523019.9704,22876417337.3588,26973735771.3335,39488088029.3013,49382442843.8593,67789580748.6682,78242480554.8399,74413752040.6308,63854403849.5175,82487244655.3566,95255289952.0849,91147100657.3255,89638293156.1453,86267287016.2612,71654520805.7733,70495462057.2323,78790199944.6259,85257763802.9178,79613395185.9381
Chile,CHL,"Service exports (BoP, current US$)",BX.GSR.NFSV.CD,..,..,..,..,..,..,..,..,..,..,..,..,..,..,..,248000000,297000000,417000000,481000000,785000000,1263000000,1172000000,936000000,797000000,664000000,692520000,1041060000,1045000000,1089900000,1534250000,1848100000,2126700000,2360000000,2514700000,2839900000,3332900000,3588258163.34284,3892137934.79738,3952290069.87113,3869315979.94565,4083266402.75766,4138778254.65743,4387210813.26963,5077223345.16453,6027201172.49166,6991749587.59723,7736883554.86644,9022274929.26337,10613886831.4719,8441610952.93896,10846976459.5663,12911821776.0057,12269369465.853,12116748074.3862,10681025117.7922,9519847228.88251,9525830793.25106,10195204552.8348,10273154971.8517,..
Chile,CHL,"Goods exports (BoP, current US$)",BX.GSR.MRCH.CD,..,..,..,..,..,..,..,..,..,..,..,..,..,..,..,1590000000,2116000000,2186000000,2460000000,3835000000,4705000000,3836000000,3706000000,3831000000,3650000000,3804100000,4191200000,5303000000,7054100000,8078400000,8372700000,8941500000,10007400000,9198700000,11604100000,16025000000,16626465803.55,17869877663.39,16322526210.32,17161948433.72,19209887166.01,18271390806.64,18178137790.176,21650906897.8466,33025407003.93,41973992484.9,59380159233.432,68561364483.7296,64510142785.1327,55462671481.2967,71108528875.7787,81437843854.5763,78062990216.8251,76769937148.3466,75064697829.6074,62035090309.76,60718332353.9697,68859010637.5669,75451827199.9968,..
Chile,CHL,GDP growth (annual %),NY.GDP.MKTP.KD.ZG,..,5.24527188577721,4.02668562467936,5.84014013697538,2.55722054231921,0.950272505266042,11.2362424530091,3.61599985502656,3.59201332908737,3.93798327923392,1.82896697107341,9.42268621200233,-1.01994779488233,-5.02924835493734,2.38214933228407,-12.9121010521584,3.83258400873092,10.4446863753088,7.70110360502387,8.41830468602053,7.98662075742482,6.5253703654798,-11.014305060839,-5.01742052484838,4.10368324170109,4.00991620181227,5.37769232223731,6.46046852848676,7.34511045469792,9.92338289712409,3.33356547272084,7.80439218641014,11.1667077338886,6.58878382654488,5.03019797742309,8.93329586945268,6.80291659577689,7.42788980789015,4.32457949685634,-0.412096167033098,5.32693841912362,3.3030473125087,3.10697053227061,4.09104768470421,7.20953970945035,5.74283048945117,6.31717634314714,4.90532450356156,3.52953055326518,-1.5642394429907,5.84417729578996,6.11091882913644,5.31862800041417,4.04500429814895,1.76673978363868,2.3037670361239,1.71108928867399,1.18857258229856,3.94932089095181,1.05444255073994
Chile,CHL,"GDP per capita, PPP (current international $)",NY.GDP.PCAP.PP.CD,..,..,..,..,..,..,..,..,..,..,..,..,..,..,..,..,..,..,..,..,..,..,..,..,..,..,..,..,..,..,4511.16997825586,4952.53848210155,5622.77735855376,6119.38019460833,6568.78082455401,7351.82886112748,8011.57109591562,8637.33061678494,8995.76512018912,8977.11749765428,9553.56652260893,9972.65109521817,10333.0636606751,10841.3238171049,11812.6349740889,12746.5833879323,15753.962990375,16941.8359830089,16501.8069214628,16159.6052340491,18161.8039224929,20342.5709204911,21507.7074027908,22439.2783559589,22786.6556023986,22688.010028137,22710.0170647296,23663.8852921125,24765.2345896396,25154.9928229185
,,,,,,,,,,,,,,,,,,,,,,,,,,,,,,,,,,,,,,,,,,,,,,,,,,,,,,,,,,,,,,,
,,,,,,,,,,,,,,,,,,,,,,,,,,,,,,,,,,,,,,,,,,,,,,,,,,,,,,,,,,,,,,,
,,,,,,,,,,,,,,,,,,,,,,,,,,,,,,,,,,,,,,,,,,,,,,,,,,,,,,,,,,,,,,,
Data from database: World Development Indicators,,,,,,,,,,,,,,,,,,,,,,,,,,,,,,,,,,,,,,,,,,,,,,,,,,,,,,,,,,,,,,,
Last Updated: 07/01/2020,,,,,,,,,,,,,,,,,,,,,,,,,,,,,,,,,,,,,,,,,,,,,,,,,,,,,,,,,,,,,,,
